<!-- edited with XML Spy v4.1 U (http://www.xmlspy.com) by CMCSoft-->
<!DOCTYPE Sections SYSTEM "..\..\InterfaceTemplates\Schema.dtd">
<Sections Version="130">
	<Section Dynamic="1" MaxRows="0">
		<Cells>
			<Cell CellID="C_46" CellID2="AI_46" FirstCell="0" Encode="0" Receive="0" Value="01GTKT" StatusID="0001"/>
			<Cell CellID="D_46" CellID2="C_46" Encode="1" Receive="1" Value="Hóa đơn giá trị gia tăng" StatusID="0001"/>
			<Cell CellID="O_46" CellID2="O_46" Encode="1" Receive="1" Value="01GTKT3/001" StatusID="0001"/>
			<Cell CellID="S_46" CellID2="S_46" Encode="1" Receive="1" Value="HS/11P" StatusID="0001"/>
			<Cell CellID="V_46" CellID2="V_46" Encode="1" Receive="1" Value="0000064" StatusID="0001"/>
			<Cell CellID="Y_46" CellID2="Y_46" Encode="1" Receive="1" Value="0000500" StatusID="0001"/>
			<Cell CellID="AA_46" CellID2="AA_46" Encode="1" Receive="1" Value="437" StatusID="0001"/>
			<Cell CellID="AI_46" CellID2="AI_46" Encode="0" Receive="1" Value="0         01GTKT    Hóa đơn giá trị gia tăng                                                                                                                                                                                " StatusID="0001"/>
			<Cell CellID="AJ_46" CellID2="AJ_46" Encode="1" Receive="1" Value="0" StatusID="0001"/>
		</Cells>
		<Cells>
			<Cell CellID="C_47" CellID2="AI_47" FirstCell="1" Encode="0" Receive="0" Value="03XKNB" StatusID="0001"/>
			<Cell CellID="D_47" CellID2="C_47" Encode="1" Receive="1" Value="Phiếu xuất kho kiêm vận chuyển hàng hóa nội bộ" StatusID="0001"/>
			<Cell CellID="O_47" CellID2="O_47" Encode="1" Receive="1" Value="03XKNB3/001" StatusID="0001"/>
			<Cell CellID="S_47" CellID2="S_47" Encode="1" Receive="1" Value="HS/11P" StatusID="0001"/>
			<Cell CellID="V_47" CellID2="V_47" Encode="1" Receive="1" Value="0000032" StatusID="0001"/>
			<Cell CellID="Y_47" CellID2="Y_47" Encode="1" Receive="1" Value="0000500" StatusID="0001"/>
			<Cell CellID="AA_47" CellID2="AA_47" Encode="1" Receive="1" Value="469" StatusID="0001"/>
			<Cell CellID="AI_47" CellID2="AI_47" Encode="0" Receive="1" Value="0         03XKNB    Phiếu xuất kho kiêm vận chuyển hàng hóa nội bộ                                                                                                                                                          " StatusID="0001"/>
			<Cell CellID="AJ_47" CellID2="AJ_47" Encode="1" Receive="1" Value="0" StatusID="0001"/>
		</Cells>
	</Section>
	<Section Dynamic="1" MaxRows="0">
		<Cells>
			<Cell CellID="C_51" CellID2="AI_51" FirstCell="0" Encode="0" Receive="0" Value="" StatusID="0001"/>
			<Cell CellID="D_51" CellID2="C_51" Encode="1" Receive="1" Value="" StatusID="0001"/>
			<Cell CellID="O_51" CellID2="O_51" Encode="1" Receive="1" Value="" StatusID="0001"/>
			<Cell CellID="S_51" CellID2="S_51" Encode="1" Receive="1" Value="" StatusID="0001"/>
			<Cell CellID="V_51" CellID2="V_51" Encode="1" Receive="1" Value="" StatusID="0001"/>
			<Cell CellID="Y_51" CellID2="Y_51" Encode="1" Receive="1" Value="" StatusID="0001"/>
			<Cell CellID="AA_51" CellID2="AA_51" Encode="1" Receive="1" Value="0" StatusID="0001"/>
			<Cell CellID="AI_51" CellID2="AI_51" Encode="0" Receive="1" Value="" StatusID="0001"/>
			<Cell CellID="AJ_51" CellID2="AJ_51" Encode="1" Receive="1" Value="" StatusID="0001"/>
		</Cells>
	</Section>
	<Section Dynamic="0" MaxRows="0">
		<Cells>
			<Cell CellID="M_55" CellID2="AE_55" Encode="1" Receive="1" Value="" StatusID="0001"/>
			<Cell CellID="R_57" CellID2="R_57" Encode="0" Receive="1" Value="Lê Thị Hoa" StatusID="0001"/>
			<Cell CellID="R_59" CellID2="R_59" Encode="0" Receive="1" Value="29/11/2014" StatusID="0001"/>
		</Cells>
	</Section>
</Sections>
