<!-- edited with XML Spy v4.1 U (http://www.xmlspy.com) by CMCSoft-->
<!DOCTYPE Sections SYSTEM "..\..\InterfaceTemplates\Schema.dtd">
<Sections Version="317">
	<Section Dynamic="0" MaxRows="0">
		<Cells>
			<Cell CellID="B_14" CellID2="AA_14" Encode="1" Receive="1" Value="" StatusID="0001"/>
			<Cell CellID="G_14" CellID2="AA_14" Encode="1" Receive="1" Value="" StatusID="0001"/>
			<Cell CellID="E_13" CellID2="E_13" Encode="1" Receive="1" Value="01/01/2014" StatusID="0001"/>
			<Cell CellID="F_13" CellID2="F_13" Encode="1" Receive="1" Value="31/03/2014" StatusID="0001"/>
		</Cells>
	</Section>
	<Section Dynamic="1" MaxRows="0">
		<Cells>
			<Cell CellID="C_22" CellID2="D_22" FirstCell="0" Encode="0" Receive="1" Value="01GTKT" StatusID="0001"/>
			<Cell CellID="D_22" CellID2="D_22" Encode="1" Receive="1" Value="Hóa đơn giá trị gia tăng" StatusID="0001"/>
			<Cell CellID="E_22" CellID2="E_22" Encode="1" Receive="1" Value="01GTKT3/001" StatusID="0001"/>
			<Cell CellID="F_22" CellID2="F_22" Encode="1" Receive="1" Value="HS/11P" StatusID="0001"/>
			<Cell CellID="G_22" CellID2="G_22" Encode="1" Receive="1" Value="462" StatusID="0001"/>
			<Cell CellID="H_22" CellID2="H_22" Encode="1" Receive="1" Value="0000039" StatusID=""/>
			<Cell CellID="I_22" CellID2="I_22" Encode="1" Receive="1" Value="0000500" StatusID="0001"/>
			<Cell CellID="J_22" CellID2="J_22" Encode="1" Receive="1" Value="" StatusID="0001"/>
			<Cell CellID="K_22" CellID2="K_22" Encode="1" Receive="1" Value="" StatusID="0001"/>
			<Cell CellID="L_22" CellID2="L_22" Encode="1" Receive="1" Value="0000039" StatusID="0001"/>
			<Cell CellID="M_22" CellID2="M_22" Encode="1" Receive="1" Value="0000041" StatusID="0001"/>
			<Cell CellID="N_22" CellID2="N_22" Encode="1" Receive="1" Value="3" StatusID="0001"/>
			<Cell CellID="P_22" CellID2="P_22" Encode="1" Receive="1" Value="3" StatusID="0001"/>
			<Cell CellID="Q_22" CellID2="Q_22" Encode="1" Receive="1" Value="0" StatusID="0001"/>
			<Cell CellID="R_22" CellID2="R_22" Encode="1" Receive="1" Value="" StatusID="0001"/>
			<Cell CellID="S_22" CellID2="S_22" Encode="1" Receive="1" Value="0" StatusID="0001"/>
			<Cell CellID="T_22" CellID2="T_22" Encode="1" Receive="1" Value="" StatusID="0001"/>
			<Cell CellID="U_22" CellID2="U_22" Encode="1" Receive="1" Value="0" StatusID="0001"/>
			<Cell CellID="V_22" CellID2="V_22" Encode="1" Receive="1" Value="" StatusID="0001"/>
			<Cell CellID="X_22" CellID2="X_22" Encode="1" Receive="1" Value="0000042" StatusID="0001"/>
			<Cell CellID="Y_22" CellID2="Y_22" Encode="1" Receive="1" Value="0000500" StatusID="0001"/>
			<Cell CellID="Z_22" CellID2="Z_22" Encode="1" Receive="1" Value="459" StatusID="0001"/>
			<Cell CellID="AA_22" CellID2="AA_22" Encode="0" Receive="1" Value="0         01GTKT    Hóa đơn giá trị gia tăng                                                                                                                                                                                " StatusID="0001"/>
			<Cell CellID="AB_22" CellID2="AB_22" Encode="1" Receive="1" Value="0" StatusID="0001"/>
			<Cell CellID="AC_22" CellID2="AB_22" Encode="0" Receive="1" Value="0" StatusID="0001"/>
		</Cells>
		<Cells>
			<Cell CellID="C_23" CellID2="D_23" FirstCell="1" Encode="0" Receive="1" Value="06HDXK" StatusID="0001"/>
			<Cell CellID="D_23" CellID2="D_23" Encode="1" Receive="1" Value="Hóa đơn xuất khẩu" StatusID="0001"/>
			<Cell CellID="E_23" CellID2="E_23" Encode="1" Receive="1" Value="06HDXK3/001" StatusID="0001"/>
			<Cell CellID="F_23" CellID2="F_23" Encode="1" Receive="1" Value="HS/11P" StatusID="0001"/>
			<Cell CellID="G_23" CellID2="G_23" Encode="1" Receive="1" Value="469" StatusID="0001"/>
			<Cell CellID="H_23" CellID2="H_23" Encode="1" Receive="1" Value="0000032" StatusID=""/>
			<Cell CellID="I_23" CellID2="I_23" Encode="1" Receive="1" Value="0000500" StatusID="0001"/>
			<Cell CellID="J_23" CellID2="J_23" Encode="1" Receive="1" Value="" StatusID="0001"/>
			<Cell CellID="K_23" CellID2="K_23" Encode="1" Receive="1" Value="" StatusID="0001"/>
			<Cell CellID="L_23" CellID2="L_23" Encode="1" Receive="1" Value="0000032" StatusID="0001"/>
			<Cell CellID="M_23" CellID2="M_23" Encode="1" Receive="1" Value="0000500" StatusID="0001"/>
			<Cell CellID="N_23" CellID2="N_23" Encode="1" Receive="1" Value="469" StatusID="0001"/>
			<Cell CellID="P_23" CellID2="P_23" Encode="1" Receive="1" Value="1" StatusID="0001"/>
			<Cell CellID="Q_23" CellID2="Q_23" Encode="1" Receive="1" Value="0" StatusID="0001"/>
			<Cell CellID="R_23" CellID2="R_23" Encode="1" Receive="1" Value="" StatusID="0001"/>
			<Cell CellID="S_23" CellID2="S_23" Encode="1" Receive="1" Value="0" StatusID="0001"/>
			<Cell CellID="T_23" CellID2="T_23" Encode="1" Receive="1" Value="" StatusID="0001"/>
			<Cell CellID="U_23" CellID2="U_23" Encode="1" Receive="1" Value="468" StatusID="0001"/>
			<Cell CellID="V_23" CellID2="V_23" Encode="1" Receive="1" Value="0000033-0000500" StatusID="0001"/>
			<Cell CellID="X_23" CellID2="X_23" Encode="1" Receive="1" Value="" StatusID="0001"/>
			<Cell CellID="Y_23" CellID2="Y_23" Encode="1" Receive="1" Value="" StatusID="0001"/>
			<Cell CellID="Z_23" CellID2="Z_23" Encode="1" Receive="1" Value="0" StatusID="0001"/>
			<Cell CellID="AA_23" CellID2="AA_23" Encode="0" Receive="1" Value="0         06HDXK    Hóa đơn xuất khẩu                                                                                                                                                                                       " StatusID="0001"/>
			<Cell CellID="AB_23" CellID2="AB_23" Encode="1" Receive="1" Value="0" StatusID="0001"/>
			<Cell CellID="AC_23" CellID2="AB_23" Encode="0" Receive="1" Value="0" StatusID="0001"/>
		</Cells>
		<Cells>
			<Cell CellID="C_24" CellID2="D_24" FirstCell="1" Encode="0" Receive="1" Value="03XKNB" StatusID="0001"/>
			<Cell CellID="D_24" CellID2="D_24" Encode="1" Receive="1" Value="Phiếu xuất kho kiêm vận chuyển hàng hóa nội bộ" StatusID="0001"/>
			<Cell CellID="E_24" CellID2="E_24" Encode="1" Receive="1" Value="03XKNB3/001" StatusID="0001"/>
			<Cell CellID="F_24" CellID2="F_24" Encode="1" Receive="1" Value="HS/11P" StatusID="0001"/>
			<Cell CellID="G_24" CellID2="G_24" Encode="1" Receive="1" Value="471" StatusID="0001"/>
			<Cell CellID="H_24" CellID2="H_24" Encode="1" Receive="1" Value="0000030" StatusID=""/>
			<Cell CellID="I_24" CellID2="I_24" Encode="1" Receive="1" Value="0000500" StatusID="0001"/>
			<Cell CellID="J_24" CellID2="J_24" Encode="1" Receive="1" Value="" StatusID="0001"/>
			<Cell CellID="K_24" CellID2="K_24" Encode="1" Receive="1" Value="" StatusID="0001"/>
			<Cell CellID="L_24" CellID2="L_24" Encode="1" Receive="1" Value="0000030" StatusID="0001"/>
			<Cell CellID="M_24" CellID2="M_24" Encode="1" Receive="1" Value="0000030" StatusID="0001"/>
			<Cell CellID="N_24" CellID2="N_24" Encode="1" Receive="1" Value="1" StatusID="0001"/>
			<Cell CellID="P_24" CellID2="P_24" Encode="1" Receive="1" Value="1" StatusID="0001"/>
			<Cell CellID="Q_24" CellID2="Q_24" Encode="1" Receive="1" Value="0" StatusID="0001"/>
			<Cell CellID="R_24" CellID2="R_24" Encode="1" Receive="1" Value="" StatusID="0001"/>
			<Cell CellID="S_24" CellID2="S_24" Encode="1" Receive="1" Value="0" StatusID="0001"/>
			<Cell CellID="T_24" CellID2="T_24" Encode="1" Receive="1" Value="" StatusID="0001"/>
			<Cell CellID="U_24" CellID2="U_24" Encode="1" Receive="1" Value="0" StatusID="0001"/>
			<Cell CellID="V_24" CellID2="V_24" Encode="1" Receive="1" Value="" StatusID="0001"/>
			<Cell CellID="X_24" CellID2="X_24" Encode="1" Receive="1" Value="0000031" StatusID="0001"/>
			<Cell CellID="Y_24" CellID2="Y_24" Encode="1" Receive="1" Value="0000500" StatusID="0001"/>
			<Cell CellID="Z_24" CellID2="Z_24" Encode="1" Receive="1" Value="470" StatusID="0001"/>
			<Cell CellID="AA_24" CellID2="AA_24" Encode="0" Receive="1" Value="0         03XKNB    Phiếu xuất kho kiêm vận chuyển hàng hóa nội bộ                                                                                                                                                          " StatusID="0001"/>
			<Cell CellID="AB_24" CellID2="AB_24" Encode="1" Receive="1" Value="0" StatusID="0001"/>
			<Cell CellID="AC_24" CellID2="AB_24" Encode="0" Receive="1" Value="0" StatusID="0001"/>
		</Cells>
	</Section>
	<Section Dynamic="0" MaxRows="0">
		<Cells>
			<Cell CellID="D_32" CellID2="E_32" Encode="1" Receive="1" Value="" StatusID="0001"/>
			<Cell CellID="N_32" CellID2="K_32" Encode="1" Receive="1" Value="Lê Thị Hoa" StatusID="0001"/>
			<Cell CellID="N_34" CellID2="K_34" Encode="1" Receive="1" Value="14/04/2014" StatusID="0001"/>
			<Cell CellID="H_13" CellID2="H_13" Encode="1" Receive="1" Value="1" StatusID="0001"/>
		</Cells>
	</Section>
</Sections>
