<!DOCTYPE Sections SYSTEM "..\..\InterfaceTemplates\Schema.dtd">
<Sections Version="130">
	<Section Dynamic="1" MaxRows="0">
		<Cells>
			<Cell CellID="D_35" CellID2="C_38" FirstCell="0" Encode="1" Receive="1" Value="Hóa đơn giá trị gia tăng" StatusID="0001"/>
			<Cell CellID="J_35" CellID2="I_38" Encode="1" Receive="1" Value="01GTKT3/001"/>
			<Cell CellID="L_35" CellID2="K_38" Encode="1" Receive="0" Value="AL/16P"/>
			<Cell CellID="N_35" CellID2="M_38" Encode="1" Receive="0" Value="500"/>
			<Cell CellID="P_35" CellID2="O_38" Encode="1" Receive="0" Value="0000001"/>
			<Cell CellID="R_35" CellID2="Q_38" Encode="1" Receive="0" Value="0000500"/>
			<Cell CellID="T_35" CellID2="S_38" Encode="1" Receive="1" Value="01/06/2016"/>
			<Cell CellID="W_35" CellID2="V_38" Encode="1" Receive="1" Value=" Công Ty TNHH Truyền Thông và In Ấn Nhật Mai 
 
"/>
			<Cell CellID="AA_35" CellID2="Z_38" Encode="1" Receive="1" Value="0305743232"/>
			<Cell CellID="AD_35" CellID2="AC_38" Encode="1" Receive="1" Value="213 /16 -HĐNM   "/>
			<Cell CellID="AE_35" CellID2="AD_38" Encode="1" Receive="1" Value="27/04/2016"/>
			<Cell CellID="AG_35" CellID2="AF_38" Encode="0" Receive="1" Value="0         01GTKT    Hóa đơn giá trị gia tăng                                                                                                                                                                                "/>
			<Cell CellID="AM_35" CellID2="AG_38" Encode="1" Receive="1" Value=""/>
			<Cell CellID="C_35" CellID2="AH_38" Encode="0" Receive="0" Value="01GTKT"/>
		</Cells>
		<Cells>
			<Cell CellID="D_36" CellID2="C_39" FirstCell="1" Encode="1" Receive="1" Value="Phiếu xuất kho kiêm vận chuyển hàng hóa nội bộ" StatusID="0001"/>
			<Cell CellID="J_36" CellID2="I_39" Encode="1" Receive="1" Value="03XKNB3/001"/>
			<Cell CellID="L_36" CellID2="K_39" Encode="1" Receive="0" Value="AL/16P"/>
			<Cell CellID="N_36" CellID2="M_39" Encode="1" Receive="0" Value="500"/>
			<Cell CellID="P_36" CellID2="O_39" Encode="1" Receive="0" Value="0000001"/>
			<Cell CellID="R_36" CellID2="Q_39" Encode="1" Receive="0" Value="0000500"/>
			<Cell CellID="T_36" CellID2="S_39" Encode="1" Receive="1" Value="01/06/2016"/>
			<Cell CellID="W_36" CellID2="V_39" Encode="1" Receive="1" Value=" Công Ty TNHH Truyền Thông và In Ấn Nhật Mai 
"/>
			<Cell CellID="AA_36" CellID2="Z_39" Encode="1" Receive="1" Value="0305743232"/>
			<Cell CellID="AD_36" CellID2="AC_39" Encode="1" Receive="1" Value="213 /16 -HĐNM   "/>
			<Cell CellID="AE_36" CellID2="AD_39" Encode="1" Receive="1" Value="27/04/2016"/>
			<Cell CellID="AG_36" CellID2="AF_39" Encode="0" Receive="1" Value="0         03XKNB    Phiếu xuất kho kiêm vận chuyển hàng hóa nội bộ                                                                                                                                                          "/>
			<Cell CellID="AM_36" CellID2="AG_39" Encode="1" Receive="1" Value=""/>
			<Cell CellID="C_36" CellID2="AH_39" Encode="0" Receive="0" Value="03XKNB"/>
		</Cells>
	</Section>
	<Section Dynamic="0" MaxRows="0">
		<Cells>
			<Cell CellID="F_41" CellID2="E_50" Encode="1" Receive="1" Value=""/>
			<Cell CellID="F_43" CellID2="E_52" Encode="1" Receive="1" Value=""/>
			<Cell CellID="K_45" CellID2="J_48" Encode="1" Receive="1" Value=""/>
			<Cell CellID="AA_47" CellID2="Z_50" Encode="1" Receive="1" Value="09/05/2016" StatusID="0001"/>
			<Cell CellID="AA_49" CellID2="Y_62" Encode="1" Receive="1" Value="Nguyễn Thiện Duy" StatusID="0001"/>
		</Cells>
	</Section>
</Sections>
