<!-- edited with XML Spy v4.1 U (http://www.xmlspy.com) by CMCSoft-->
<!DOCTYPE Sections SYSTEM "..\..\InterfaceTemplates\Schema.dtd">
<Sections Version="330">
	<Section Dynamic="0" MaxRows="0">
		<Cells>
			<Cell CellID="P_40" CellID2="P_40" Encode="1" Value=""/>
			<Cell CellID="R_40" CellID2="R_40" Encode="1" Value="2939043062"/>
			<Cell CellID="W_40" CellID2="W_40" Encode="1" Value="2018626150"/>
			<Cell CellID="P_41" CellID2="P_41" Encode="1" Value=""/>
			<Cell CellID="R_41" CellID2="R_41" Encode="1" Value="1263080053"/>
			<Cell CellID="W_41" CellID2="W_41" Encode="1" Value="1659004526"/>
			<Cell CellID="P_42" CellID2="P_42" Encode="1" Value="V.01"/>
			<Cell CellID="R_42" CellID2="R_42" Encode="1" Value="1263080053"/>
			<Cell CellID="W_42" CellID2="W_42" Encode="1" Value="1659004526"/>
			<Cell CellID="P_43" CellID2="P_43" Encode="1" Value=""/>
			<Cell CellID="R_43" CellID2="R_43" Encode="1" Value="0"/>
			<Cell CellID="W_43" CellID2="W_43" Encode="1" Value="0"/>
			<Cell CellID="P_44" CellID2="P_44" Encode="1" Value="V.02"/>
			<Cell CellID="R_44" CellID2="R_44" Encode="1" Value="0"/>
			<Cell CellID="W_44" CellID2="W_44" Encode="1" Value="0"/>
			<Cell CellID="P_45" CellID2="P_45" Encode="1" Value=""/>
			<Cell CellID="R_45" CellID2="R_45" Encode="1" Value="0"/>
			<Cell CellID="W_45" CellID2="W_45" Encode="1" Value="0"/>
			<Cell CellID="P_46" CellID2="P_46" Encode="1" Value=""/>
			<Cell CellID="R_46" CellID2="R_46" Encode="1" Value="0"/>
			<Cell CellID="W_46" CellID2="W_46" Encode="1" Value="0"/>
			<Cell CellID="P_47" CellID2="P_47" Encode="1" Value=""/>
			<Cell CellID="R_47" CellID2="R_47" Encode="1" Value="370820721"/>
			<Cell CellID="W_47" CellID2="W_47" Encode="1" Value="220157893"/>
			<Cell CellID="P_48" CellID2="P_48" Encode="1" Value=""/>
			<Cell CellID="R_48" CellID2="R_48" Encode="1" Value="370820721"/>
			<Cell CellID="W_48" CellID2="W_48" Encode="1" Value="220157893"/>
			<Cell CellID="P_49" CellID2="P_49" Encode="1" Value=""/>
			<Cell CellID="R_49" CellID2="R_49" Encode="1" Value="0"/>
			<Cell CellID="W_49" CellID2="W_49" Encode="1" Value="0"/>
			<Cell CellID="P_50" CellID2="P_50" Encode="1" Value=""/>
			<Cell CellID="R_50" CellID2="R_50" Encode="1" Value="0"/>
			<Cell CellID="W_50" CellID2="W_50" Encode="1" Value="0"/>
			<Cell CellID="P_51" CellID2="P_51" Encode="1" Value=""/>
			<Cell CellID="R_51" CellID2="R_51" Encode="1" Value="0"/>
			<Cell CellID="W_51" CellID2="W_51" Encode="1" Value="0"/>
			<Cell CellID="P_52" CellID2="P_52" Encode="1" Value="V.03"/>
			<Cell CellID="R_52" CellID2="R_52" Encode="1" Value="0"/>
			<Cell CellID="W_52" CellID2="W_52" Encode="1" Value="0"/>
			<Cell CellID="P_53" CellID2="P_53" Encode="1" Value=""/>
			<Cell CellID="R_53" CellID2="R_53" Encode="1" Value="0"/>
			<Cell CellID="W_53" CellID2="W_53" Encode="1" Value="0"/>
			<Cell CellID="P_54" CellID2="P_54" Encode="1" Value=""/>
			<Cell CellID="R_54" CellID2="R_54" Encode="1" Value="1246845434"/>
			<Cell CellID="W_54" CellID2="W_54" Encode="1" Value="139463731"/>
			<Cell CellID="P_55" CellID2="P_55" Encode="1" Value="V.04"/>
			<Cell CellID="R_55" CellID2="R_55" Encode="1" Value="1246845434"/>
			<Cell CellID="W_55" CellID2="W_55" Encode="1" Value="139463731"/>
			<Cell CellID="P_56" CellID2="P_56" Encode="1" Value=""/>
			<Cell CellID="R_56" CellID2="R_56" Encode="1" Value="0"/>
			<Cell CellID="W_56" CellID2="W_56" Encode="1" Value="0"/>
			<Cell CellID="P_57" CellID2="P_57" Encode="1" Value=""/>
			<Cell CellID="R_57" CellID2="R_57" Encode="1" Value="58296854"/>
			<Cell CellID="W_57" CellID2="W_57" Encode="1" Value="0"/>
			<Cell CellID="P_58" CellID2="P_58" Encode="1" Value=""/>
			<Cell CellID="R_58" CellID2="R_58" Encode="1" Value="0"/>
			<Cell CellID="W_58" CellID2="W_58" Encode="1" Value="0"/>
			<Cell CellID="P_59" CellID2="P_59" Encode="1" Value=""/>
			<Cell CellID="R_59" CellID2="R_59" Encode="1" Value="58296854"/>
			<Cell CellID="W_59" CellID2="W_59" Encode="1" Value="0"/>
			<Cell CellID="P_60" CellID2="P_60" Encode="1" Value="V.05"/>
			<Cell CellID="R_60" CellID2="R_60" Encode="1" Value="0"/>
			<Cell CellID="W_60" CellID2="W_60" Encode="1" Value="0"/>
			<Cell CellID="P_61" CellID2="P_61" Encode="1" Value=""/>
			<Cell CellID="R_61" CellID2="R_61" Encode="1" Value="0"/>
			<Cell CellID="W_61" CellID2="W_61" Encode="1" Value="0"/>
			<Cell CellID="P_62" CellID2="P_62" Encode="1" Value=""/>
			<Cell CellID="R_62" CellID2="R_62" Encode="1" Value="950000000"/>
			<Cell CellID="W_62" CellID2="W_62" Encode="1" Value="0"/>
			<Cell CellID="P_63" CellID2="P_63" Encode="1" Value=""/>
			<Cell CellID="R_63" CellID2="R_63" Encode="1" Value="0"/>
			<Cell CellID="W_63" CellID2="W_63" Encode="1" Value="0"/>
			<Cell CellID="P_64" CellID2="P_64" Encode="1" Value=""/>
			<Cell CellID="R_64" CellID2="R_64" Encode="1" Value="0"/>
			<Cell CellID="W_64" CellID2="W_64" Encode="1" Value="0"/>
			<Cell CellID="P_65" CellID2="P_65" Encode="1" Value=""/>
			<Cell CellID="R_65" CellID2="R_65" Encode="1" Value="0"/>
			<Cell CellID="W_65" CellID2="W_65" Encode="1" Value="0"/>
			<Cell CellID="P_66" CellID2="P_66" Encode="1" Value="V.06"/>
			<Cell CellID="R_66" CellID2="R_66" Encode="1" Value="0"/>
			<Cell CellID="W_66" CellID2="W_66" Encode="1" Value="0"/>
			<Cell CellID="P_67" CellID2="P_67" Encode="1" Value="V.07"/>
			<Cell CellID="R_67" CellID2="R_67" Encode="1" Value="0"/>
			<Cell CellID="W_67" CellID2="W_67" Encode="1" Value="0"/>
			<Cell CellID="P_68" CellID2="P_68" Encode="1" Value=""/>
			<Cell CellID="R_68" CellID2="R_68" Encode="1" Value="0"/>
			<Cell CellID="W_68" CellID2="W_68" Encode="1" Value="0"/>
			<Cell CellID="P_69" CellID2="P_69" Encode="1" Value=""/>
			<Cell CellID="R_69" CellID2="R_69" Encode="1" Value="950000000"/>
			<Cell CellID="W_69" CellID2="W_69" Encode="1" Value="0"/>
			<Cell CellID="P_70" CellID2="P_70" Encode="1" Value="V.08"/>
			<Cell CellID="R_70" CellID2="R_70" Encode="1" Value="950000000"/>
			<Cell CellID="W_70" CellID2="W_70" Encode="1" Value="0"/>
			<Cell CellID="P_71" CellID2="P_71" Encode="1" Value=""/>
			<Cell CellID="R_71" CellID2="R_71" Encode="1" Value="1000000000"/>
			<Cell CellID="W_71" CellID2="W_71" Encode="1" Value="0"/>
			<Cell CellID="P_72" CellID2="P_72" Encode="1" Value=""/>
			<Cell CellID="R_72" CellID2="R_72" Encode="1" Value="-50000000"/>
			<Cell CellID="W_72" CellID2="W_72" Encode="1" Value="0"/>
			<Cell CellID="P_73" CellID2="P_73" Encode="1" Value="V.09"/>
			<Cell CellID="R_73" CellID2="R_73" Encode="1" Value="0"/>
			<Cell CellID="W_73" CellID2="W_73" Encode="1" Value="0"/>
			<Cell CellID="P_74" CellID2="P_74" Encode="1" Value=""/>
			<Cell CellID="R_74" CellID2="R_74" Encode="1" Value="0"/>
			<Cell CellID="W_74" CellID2="W_74" Encode="1" Value="0"/>
			<Cell CellID="P_75" CellID2="P_75" Encode="1" Value=""/>
			<Cell CellID="R_75" CellID2="R_75" Encode="1" Value="0"/>
			<Cell CellID="W_75" CellID2="W_75" Encode="1" Value="0"/>
			<Cell CellID="P_76" CellID2="P_76" Encode="1" Value="V.10"/>
			<Cell CellID="R_76" CellID2="R_76" Encode="1" Value="0"/>
			<Cell CellID="W_76" CellID2="W_76" Encode="1" Value="0"/>
			<Cell CellID="P_77" CellID2="P_77" Encode="1" Value=""/>
			<Cell CellID="R_77" CellID2="R_77" Encode="1" Value="0"/>
			<Cell CellID="W_77" CellID2="W_77" Encode="1" Value="0"/>
			<Cell CellID="P_78" CellID2="P_78" Encode="1" Value=""/>
			<Cell CellID="R_78" CellID2="R_78" Encode="1" Value="0"/>
			<Cell CellID="W_78" CellID2="W_78" Encode="1" Value="0"/>
			<Cell CellID="P_79" CellID2="P_79" Encode="1" Value="V.11"/>
			<Cell CellID="R_79" CellID2="R_79" Encode="1" Value="0"/>
			<Cell CellID="W_79" CellID2="W_79" Encode="1" Value="0"/>
			<Cell CellID="P_80" CellID2="P_80" Encode="1" Value="V.12"/>
			<Cell CellID="R_80" CellID2="R_80" Encode="1" Value="0"/>
			<Cell CellID="W_80" CellID2="W_80" Encode="1" Value="0"/>
			<Cell CellID="P_81" CellID2="P_81" Encode="1" Value=""/>
			<Cell CellID="R_81" CellID2="R_81" Encode="1" Value="0"/>
			<Cell CellID="W_81" CellID2="W_81" Encode="1" Value="0"/>
			<Cell CellID="P_82" CellID2="P_82" Encode="1" Value=""/>
			<Cell CellID="R_82" CellID2="R_82" Encode="1" Value="0"/>
			<Cell CellID="W_82" CellID2="W_82" Encode="1" Value="0"/>
			<Cell CellID="P_83" CellID2="P_83" Encode="1" Value=""/>
			<Cell CellID="R_83" CellID2="R_83" Encode="1" Value="0"/>
			<Cell CellID="W_83" CellID2="W_83" Encode="1" Value="0"/>
			<Cell CellID="P_84" CellID2="P_84" Encode="1" Value=""/>
			<Cell CellID="R_84" CellID2="R_84" Encode="1" Value="0"/>
			<Cell CellID="W_84" CellID2="W_84" Encode="1" Value="0"/>
			<Cell CellID="P_85" CellID2="P_85" Encode="1" Value=""/>
			<Cell CellID="R_85" CellID2="R_85" Encode="1" Value="0"/>
			<Cell CellID="W_85" CellID2="W_85" Encode="1" Value="0"/>
			<Cell CellID="P_86" CellID2="P_86" Encode="1" Value="V.13"/>
			<Cell CellID="R_86" CellID2="R_86" Encode="1" Value="0"/>
			<Cell CellID="W_86" CellID2="W_86" Encode="1" Value="0"/>
			<Cell CellID="P_87" CellID2="P_87" Encode="1" Value=""/>
			<Cell CellID="R_87" CellID2="R_87" Encode="1" Value="0"/>
			<Cell CellID="W_87" CellID2="W_87" Encode="1" Value="0"/>
			<Cell CellID="P_88" CellID2="P_88" Encode="1" Value=""/>
			<Cell CellID="R_88" CellID2="R_88" Encode="1" Value="0"/>
			<Cell CellID="W_88" CellID2="W_88" Encode="1" Value="0"/>
			<Cell CellID="P_89" CellID2="P_89" Encode="1" Value="V.14"/>
			<Cell CellID="R_89" CellID2="R_89" Encode="1" Value="0"/>
			<Cell CellID="W_89" CellID2="W_89" Encode="1" Value="0"/>
			<Cell CellID="P_90" CellID2="P_90" Encode="1" Value="V.21"/>
			<Cell CellID="R_90" CellID2="R_90" Encode="1" Value="0"/>
			<Cell CellID="W_90" CellID2="W_90" Encode="1" Value="0"/>
			<Cell CellID="P_91" CellID2="P_91" Encode="1" Value=""/>
			<Cell CellID="R_91" CellID2="R_91" Encode="1" Value="0"/>
			<Cell CellID="W_91" CellID2="W_91" Encode="1" Value="0"/>
			<Cell CellID="P_92" CellID2="P_92" Encode="1" Value=""/>
			<Cell CellID="R_92" CellID2="R_92" Encode="1" Value="3889043062"/>
			<Cell CellID="W_92" CellID2="W_92" Encode="1" Value="2018626150"/>
			<Cell CellID="P_94" CellID2="P_94" Encode="1" Value=""/>
			<Cell CellID="R_94" CellID2="R_94" Encode="1" Value="1770335250"/>
			<Cell CellID="W_94" CellID2="W_94" Encode="1" Value="25861171"/>
			<Cell CellID="P_95" CellID2="P_95" Encode="1" Value=""/>
			<Cell CellID="R_95" CellID2="R_95" Encode="1" Value="1770335250"/>
			<Cell CellID="W_95" CellID2="W_95" Encode="1" Value="25861171"/>
			<Cell CellID="P_96" CellID2="P_96" Encode="1" Value="V.15"/>
			<Cell CellID="R_96" CellID2="R_96" Encode="1" Value="1297020000"/>
			<Cell CellID="W_96" CellID2="W_96" Encode="1" Value="0"/>
			<Cell CellID="P_97" CellID2="P_97" Encode="1" Value=""/>
			<Cell CellID="R_97" CellID2="R_97" Encode="1" Value="437792912"/>
			<Cell CellID="W_97" CellID2="W_97" Encode="1" Value="17743415"/>
			<Cell CellID="P_98" CellID2="P_98" Encode="1" Value=""/>
			<Cell CellID="R_98" CellID2="R_98" Encode="1" Value="0"/>
			<Cell CellID="W_98" CellID2="W_98" Encode="1" Value="0"/>
			<Cell CellID="P_99" CellID2="P_99" Encode="1" Value="V.16"/>
			<Cell CellID="R_99" CellID2="R_99" Encode="1" Value="35522338"/>
			<Cell CellID="W_99" CellID2="W_99" Encode="1" Value="8117756"/>
			<Cell CellID="P_100" CellID2="P_100" Encode="1" Value=""/>
			<Cell CellID="R_100" CellID2="R_100" Encode="1" Value="0"/>
			<Cell CellID="W_100" CellID2="W_100" Encode="1" Value="0"/>
			<Cell CellID="P_101" CellID2="P_101" Encode="1" Value="V.17"/>
			<Cell CellID="R_101" CellID2="R_101" Encode="1" Value="0"/>
			<Cell CellID="W_101" CellID2="W_101" Encode="1" Value="0"/>
			<Cell CellID="P_102" CellID2="P_102" Encode="1" Value=""/>
			<Cell CellID="R_102" CellID2="R_102" Encode="1" Value="0"/>
			<Cell CellID="W_102" CellID2="W_102" Encode="1" Value="0"/>
			<Cell CellID="P_103" CellID2="P_103" Encode="1" Value=""/>
			<Cell CellID="R_103" CellID2="R_103" Encode="1" Value="0"/>
			<Cell CellID="W_103" CellID2="W_103" Encode="1" Value="0"/>
			<Cell CellID="P_104" CellID2="P_104" Encode="1" Value="V.18"/>
			<Cell CellID="R_104" CellID2="R_104" Encode="1" Value="0"/>
			<Cell CellID="W_104" CellID2="W_104" Encode="1" Value="0"/>
			<Cell CellID="P_105" CellID2="P_105" Encode="1" Value=""/>
			<Cell CellID="R_105" CellID2="R_105" Encode="1" Value="0"/>
			<Cell CellID="W_105" CellID2="W_105" Encode="1" Value="0"/>
			<Cell CellID="P_106" CellID2="P_106" Encode="1" Value=""/>
			<Cell CellID="R_106" CellID2="R_106" Encode="1" Value="0"/>
			<Cell CellID="W_106" CellID2="W_106" Encode="1" Value="0"/>
			<Cell CellID="P_107" CellID2="P_107" Encode="1" Value=""/>
			<Cell CellID="R_107" CellID2="R_107" Encode="1" Value="0"/>
			<Cell CellID="W_107" CellID2="W_107" Encode="1" Value="0"/>
			<Cell CellID="P_108" CellID2="P_108" Encode="1" Value=""/>
			<Cell CellID="R_108" CellID2="R_108" Encode="1" Value="0"/>
			<Cell CellID="W_108" CellID2="W_108" Encode="1" Value="0"/>
			<Cell CellID="P_109" CellID2="P_109" Encode="1" Value="V.19"/>
			<Cell CellID="R_109" CellID2="R_109" Encode="1" Value="0"/>
			<Cell CellID="W_109" CellID2="W_109" Encode="1" Value="0"/>
			<Cell CellID="P_110" CellID2="P_110" Encode="1" Value=""/>
			<Cell CellID="R_110" CellID2="R_110" Encode="1" Value="0"/>
			<Cell CellID="W_110" CellID2="W_110" Encode="1" Value="0"/>
			<Cell CellID="P_111" CellID2="P_111" Encode="1" Value="V.20"/>
			<Cell CellID="R_111" CellID2="R_111" Encode="1" Value="0"/>
			<Cell CellID="W_111" CellID2="W_111" Encode="1" Value="0"/>
			<Cell CellID="P_112" CellID2="P_112" Encode="1" Value="V.21"/>
			<Cell CellID="R_112" CellID2="R_112" Encode="1" Value="0"/>
			<Cell CellID="W_112" CellID2="W_112" Encode="1" Value="0"/>
			<Cell CellID="P_113" CellID2="P_113" Encode="1" Value=""/>
			<Cell CellID="R_113" CellID2="R_113" Encode="1" Value="0"/>
			<Cell CellID="W_113" CellID2="W_113" Encode="1" Value="0"/>
			<Cell CellID="P_114" CellID2="P_114" Encode="1" Value=""/>
			<Cell CellID="R_114" CellID2="R_114" Encode="1" Value="0"/>
			<Cell CellID="W_114" CellID2="W_114" Encode="1" Value="0"/>
			<Cell CellID="P_115" CellID2="P_115" Encode="1" Value=""/>
			<Cell CellID="R_115" CellID2="R_115" Encode="1" Value="0"/>
			<Cell CellID="W_115" CellID2="W_115" Encode="1" Value="0"/>
			<Cell CellID="P_116" CellID2="P_116" Encode="1" Value=""/>
			<Cell CellID="R_116" CellID2="R_116" Encode="1" Value="0"/>
			<Cell CellID="W_116" CellID2="W_116" Encode="1" Value="0"/>
			<Cell CellID="P_117" CellID2="P_117" Encode="1" Value=""/>
			<Cell CellID="R_117" CellID2="R_117" Encode="1" Value="2118707812"/>
			<Cell CellID="W_117" CellID2="W_117" Encode="1" Value="1992764979"/>
			<Cell CellID="P_118" CellID2="P_118" Encode="1" Value="V.22"/>
			<Cell CellID="R_118" CellID2="R_118" Encode="1" Value="2118707812"/>
			<Cell CellID="W_118" CellID2="W_118" Encode="1" Value="1992764979"/>
			<Cell CellID="P_119" CellID2="P_119" Encode="1" Value=""/>
			<Cell CellID="R_119" CellID2="R_119" Encode="1" Value="1900000000"/>
			<Cell CellID="W_119" CellID2="W_119" Encode="1" Value="1900000000"/>
			<Cell CellID="P_120" CellID2="P_120" Encode="1" Value=""/>
			<Cell CellID="R_120" CellID2="R_120" Encode="1" Value="0"/>
			<Cell CellID="W_120" CellID2="W_120" Encode="1" Value="0"/>
			<Cell CellID="P_121" CellID2="P_121" Encode="1" Value=""/>
			<Cell CellID="R_121" CellID2="R_121" Encode="1" Value="0"/>
			<Cell CellID="W_121" CellID2="W_121" Encode="1" Value="0"/>
			<Cell CellID="P_122" CellID2="P_122" Encode="1" Value=""/>
			<Cell CellID="R_122" CellID2="R_122" Encode="1" Value="0"/>
			<Cell CellID="W_122" CellID2="W_122" Encode="1" Value="0"/>
			<Cell CellID="P_123" CellID2="P_123" Encode="1" Value=""/>
			<Cell CellID="R_123" CellID2="R_123" Encode="1" Value="0"/>
			<Cell CellID="W_123" CellID2="W_123" Encode="1" Value="0"/>
			<Cell CellID="P_124" CellID2="P_124" Encode="1" Value=""/>
			<Cell CellID="R_124" CellID2="R_124" Encode="1" Value="0"/>
			<Cell CellID="W_124" CellID2="W_124" Encode="1" Value="0"/>
			<Cell CellID="P_125" CellID2="P_125" Encode="1" Value=""/>
			<Cell CellID="R_125" CellID2="R_125" Encode="1" Value="0"/>
			<Cell CellID="W_125" CellID2="W_125" Encode="1" Value="0"/>
			<Cell CellID="P_126" CellID2="P_126" Encode="1" Value=""/>
			<Cell CellID="R_126" CellID2="R_126" Encode="1" Value="0"/>
			<Cell CellID="W_126" CellID2="W_126" Encode="1" Value="0"/>
			<Cell CellID="P_127" CellID2="P_127" Encode="1" Value=""/>
			<Cell CellID="R_127" CellID2="R_127" Encode="1" Value="0"/>
			<Cell CellID="W_127" CellID2="W_127" Encode="1" Value="0"/>
			<Cell CellID="P_128" CellID2="P_128" Encode="1" Value=""/>
			<Cell CellID="R_128" CellID2="R_128" Encode="1" Value="218707812"/>
			<Cell CellID="W_128" CellID2="W_128" Encode="1" Value="92764979"/>
			<Cell CellID="P_129" CellID2="P_129" Encode="1" Value=""/>
			<Cell CellID="R_129" CellID2="R_129" Encode="1" Value="0"/>
			<Cell CellID="W_129" CellID2="W_129" Encode="1" Value="0"/>
			<Cell CellID="P_130" CellID2="P_130" Encode="1" Value=""/>
			<Cell CellID="R_130" CellID2="R_130" Encode="1" Value="0"/>
			<Cell CellID="W_130" CellID2="W_130" Encode="1" Value="0"/>
			<Cell CellID="P_131" CellID2="P_131" Encode="1" Value=""/>
			<Cell CellID="R_131" CellID2="R_131" Encode="1" Value="0"/>
			<Cell CellID="W_131" CellID2="W_131" Encode="1" Value="0"/>
			<Cell CellID="P_132" CellID2="P_132" Encode="1" Value="V.23"/>
			<Cell CellID="R_132" CellID2="R_132" Encode="1" Value="0"/>
			<Cell CellID="W_132" CellID2="W_132" Encode="1" Value="0"/>
			<Cell CellID="P_133" CellID2="P_133" Encode="1" Value=""/>
			<Cell CellID="R_133" CellID2="R_133" Encode="1" Value="0"/>
			<Cell CellID="W_133" CellID2="W_133" Encode="1" Value="0"/>
			<Cell CellID="P_134" CellID2="P_134" Encode="1" Value=""/>
			<Cell CellID="R_134" CellID2="R_134" Encode="1" Value="3889043062"/>
			<Cell CellID="W_134" CellID2="W_134" Encode="1" Value="2018626150"/>
			<Cell CellID="P_136" CellID2="P_136" Encode="1" Value=""/>
			<Cell CellID="R_136" CellID2="R_136" Encode="1" Value="0"/>
			<Cell CellID="W_136" CellID2="W_136" Encode="1" Value="0"/>
			<Cell CellID="P_137" CellID2="P_137" Encode="1" Value=""/>
			<Cell CellID="R_137" CellID2="R_137" Encode="1" Value="0"/>
			<Cell CellID="W_137" CellID2="W_137" Encode="1" Value="0"/>
			<Cell CellID="P_138" CellID2="P_138" Encode="1" Value=""/>
			<Cell CellID="R_138" CellID2="R_138" Encode="1" Value="0"/>
			<Cell CellID="W_138" CellID2="W_138" Encode="1" Value="0"/>
			<Cell CellID="P_139" CellID2="P_139" Encode="1" Value=""/>
			<Cell CellID="R_139" CellID2="R_139" Encode="1" Value="0"/>
			<Cell CellID="W_139" CellID2="W_139" Encode="1" Value="0"/>
			<Cell CellID="P_140" CellID2="P_140" Encode="1" Value=""/>
			<Cell CellID="R_140" CellID2="R_140" Encode="1" Value="0"/>
			<Cell CellID="W_140" CellID2="W_140" Encode="1" Value="0"/>
			<Cell CellID="P_141" CellID2="P_141" Encode="1" Value=""/>
			<Cell CellID="R_141" CellID2="R_141" Encode="1" Value="0"/>
			<Cell CellID="W_141" CellID2="W_141" Encode="1" Value="0"/>
			<Cell CellID="R_144" CellID2="S_153" Encode="1" Value="Lê Thị Dung"/>
			<Cell CellID="R_146" CellID2="R_146" Encode="1" Value="25/10/2014"/>
		</Cells>
	</Section>
</Sections>
