<!DOCTYPE Sections SYSTEM "..\..\InterfaceTemplates\Schema.dtd">
<Sections Version="335">
	<Section Dynamic="0" MaxRows="0">
		<Cells>
			<Cell CellID="G_10" CellID2="H_21" Encode="1" Value=""/>
		</Cells>
	</Section>
	<Section Dynamic="0" MaxRows="0">
		<Cells>
			<Cell CellID="D_52" CellID2="D_52" Encode="0" Value=""/>
			<Cell CellID="R_56" CellID2="R_56" Encode="1" Value="4069698198"/>
			<Cell CellID="W_56" CellID2="W_56" Encode="1" Value="2939043062"/>
			<Cell CellID="R_57" CellID2="R_57" Encode="1" Value="1499407283"/>
			<Cell CellID="W_57" CellID2="W_57" Encode="1" Value="1263080053"/>
			<Cell CellID="R_58" CellID2="R_58" Encode="1" Value="1499407283"/>
			<Cell CellID="W_58" CellID2="W_58" Encode="1" Value="1263080053"/>
			<Cell CellID="R_59" CellID2="R_59" Encode="1" Value="0"/>
			<Cell CellID="W_59" CellID2="W_59" Encode="1" Value="0"/>
			<Cell CellID="R_60" CellID2="R_60" Encode="1" Value="0"/>
			<Cell CellID="W_60" CellID2="W_60" Encode="1" Value="0"/>
			<Cell CellID="R_61" CellID2="R_61" Encode="1" Value="0"/>
			<Cell CellID="W_61" CellID2="W_61" Encode="1" Value="0"/>
			<Cell CellID="R_62" CellID2="R_62" Encode="1" Value="0"/>
			<Cell CellID="W_62" CellID2="W_62" Encode="1" Value="0"/>
			<Cell CellID="R_63" CellID2="R_63" Encode="1" Value="0"/>
			<Cell CellID="W_63" CellID2="W_63" Encode="1" Value="0"/>
			<Cell CellID="R_64" CellID2="R_64" Encode="1" Value="781788646"/>
			<Cell CellID="W_64" CellID2="W_64" Encode="1" Value="370820721"/>
			<Cell CellID="R_65" CellID2="R_65" Encode="1" Value="781788646"/>
			<Cell CellID="W_65" CellID2="W_65" Encode="1" Value="370820721"/>
			<Cell CellID="R_66" CellID2="R_66" Encode="1" Value="0"/>
			<Cell CellID="W_66" CellID2="W_66" Encode="1" Value="0"/>
			<Cell CellID="R_67" CellID2="R_67" Encode="1" Value="0"/>
			<Cell CellID="W_67" CellID2="W_67" Encode="1" Value="0"/>
			<Cell CellID="R_68" CellID2="R_68" Encode="1" Value="0"/>
			<Cell CellID="W_68" CellID2="W_68" Encode="1" Value="0"/>
			<Cell CellID="R_69" CellID2="R_69" Encode="1" Value="0"/>
			<Cell CellID="W_69" CellID2="W_69" Encode="1" Value="0"/>
			<Cell CellID="R_70" CellID2="R_70" Encode="1" Value="0"/>
			<Cell CellID="W_70" CellID2="W_70" Encode="1" Value="0"/>
			<Cell CellID="R_71" CellID2="R_71" Encode="1" Value="0"/>
			<Cell CellID="W_71" CellID2="W_71" Encode="1" Value="0"/>
			<Cell CellID="R_72" CellID2="R_72" Encode="1" Value="0"/>
			<Cell CellID="W_72" CellID2="W_72" Encode="1" Value="0"/>
			<Cell CellID="R_73" CellID2="R_73" Encode="1" Value="1788502269"/>
			<Cell CellID="W_73" CellID2="W_73" Encode="1" Value="1246845434"/>
			<Cell CellID="R_74" CellID2="R_74" Encode="1" Value="1788502269"/>
			<Cell CellID="W_74" CellID2="W_74" Encode="1" Value="1246845434"/>
			<Cell CellID="R_75" CellID2="R_75" Encode="1" Value="0"/>
			<Cell CellID="W_75" CellID2="W_75" Encode="1" Value="0"/>
			<Cell CellID="R_76" CellID2="R_76" Encode="1" Value="0"/>
			<Cell CellID="W_76" CellID2="W_76" Encode="1" Value="58296854"/>
			<Cell CellID="R_77" CellID2="R_77" Encode="1" Value="0"/>
			<Cell CellID="W_77" CellID2="W_77" Encode="1" Value="0"/>
			<Cell CellID="R_78" CellID2="R_78" Encode="1" Value="0"/>
			<Cell CellID="W_78" CellID2="W_78" Encode="1" Value="58296854"/>
			<Cell CellID="R_79" CellID2="R_79" Encode="1" Value="0"/>
			<Cell CellID="W_79" CellID2="W_79" Encode="1" Value="0"/>
			<Cell CellID="R_80" CellID2="R_80" Encode="1" Value="0"/>
			<Cell CellID="W_80" CellID2="W_80" Encode="1" Value="0"/>
			<Cell CellID="R_81" CellID2="R_81" Encode="1" Value="0"/>
			<Cell CellID="W_81" CellID2="W_81" Encode="1" Value="0"/>
			<Cell CellID="R_82" CellID2="R_82" Encode="1" Value="850000000"/>
			<Cell CellID="W_82" CellID2="W_82" Encode="1" Value="950000000"/>
			<Cell CellID="R_83" CellID2="R_83" Encode="1" Value="0"/>
			<Cell CellID="W_83" CellID2="W_83" Encode="1" Value="0"/>
			<Cell CellID="R_84" CellID2="R_84" Encode="1" Value="0"/>
			<Cell CellID="W_84" CellID2="W_84" Encode="1" Value="0"/>
			<Cell CellID="R_85" CellID2="R_85" Encode="1" Value="0"/>
			<Cell CellID="W_85" CellID2="W_85" Encode="1" Value="0"/>
			<Cell CellID="R_86" CellID2="R_86" Encode="1" Value="0"/>
			<Cell CellID="W_86" CellID2="W_86" Encode="1" Value="0"/>
			<Cell CellID="R_87" CellID2="R_87" Encode="1" Value="0"/>
			<Cell CellID="W_87" CellID2="W_87" Encode="1" Value="0"/>
			<Cell CellID="R_88" CellID2="R_88" Encode="1" Value="0"/>
			<Cell CellID="W_88" CellID2="W_88" Encode="1" Value="0"/>
			<Cell CellID="R_89" CellID2="R_89" Encode="1" Value="0"/>
			<Cell CellID="W_89" CellID2="W_89" Encode="1" Value="0"/>
			<Cell CellID="R_90" CellID2="R_90" Encode="1" Value="0"/>
			<Cell CellID="W_90" CellID2="W_90" Encode="1" Value="0"/>
			<Cell CellID="R_91" CellID2="R_91" Encode="1" Value="850000000"/>
			<Cell CellID="W_91" CellID2="W_91" Encode="1" Value="950000000"/>
			<Cell CellID="R_92" CellID2="R_92" Encode="1" Value="850000000"/>
			<Cell CellID="W_92" CellID2="W_92" Encode="1" Value="950000000"/>
			<Cell CellID="R_93" CellID2="R_93" Encode="1" Value="1000000000"/>
			<Cell CellID="W_93" CellID2="W_93" Encode="1" Value="1000000000"/>
			<Cell CellID="R_94" CellID2="R_94" Encode="1" Value="-150000000"/>
			<Cell CellID="W_94" CellID2="W_94" Encode="1" Value="-50000000"/>
			<Cell CellID="R_95" CellID2="R_95" Encode="1" Value="0"/>
			<Cell CellID="W_95" CellID2="W_95" Encode="1" Value="0"/>
			<Cell CellID="R_96" CellID2="R_96" Encode="1" Value="0"/>
			<Cell CellID="W_96" CellID2="W_96" Encode="1" Value="0"/>
			<Cell CellID="R_97" CellID2="R_97" Encode="1" Value="0"/>
			<Cell CellID="W_97" CellID2="W_97" Encode="1" Value="0"/>
			<Cell CellID="R_98" CellID2="R_98" Encode="1" Value="0"/>
			<Cell CellID="W_98" CellID2="W_98" Encode="1" Value="0"/>
			<Cell CellID="R_99" CellID2="R_99" Encode="1" Value="0"/>
			<Cell CellID="W_99" CellID2="W_99" Encode="1" Value="0"/>
			<Cell CellID="R_100" CellID2="R_100" Encode="1" Value="0"/>
			<Cell CellID="W_100" CellID2="W_100" Encode="1" Value="0"/>
			<Cell CellID="R_101" CellID2="R_101" Encode="1" Value="0"/>
			<Cell CellID="W_101" CellID2="W_101" Encode="1" Value="0"/>
			<Cell CellID="R_102" CellID2="R_102" Encode="1" Value="0"/>
			<Cell CellID="W_102" CellID2="W_102" Encode="1" Value="0"/>
			<Cell CellID="R_103" CellID2="R_103" Encode="1" Value="0"/>
			<Cell CellID="W_103" CellID2="W_103" Encode="1" Value="0"/>
			<Cell CellID="R_104" CellID2="R_104" Encode="1" Value="0"/>
			<Cell CellID="W_104" CellID2="W_104" Encode="1" Value="0"/>
			<Cell CellID="R_105" CellID2="R_105" Encode="1" Value="0"/>
			<Cell CellID="W_105" CellID2="W_105" Encode="1" Value="0"/>
			<Cell CellID="R_106" CellID2="R_106" Encode="1" Value="0"/>
			<Cell CellID="W_106" CellID2="W_106" Encode="1" Value="0"/>
			<Cell CellID="R_107" CellID2="R_107" Encode="1" Value="0"/>
			<Cell CellID="W_107" CellID2="W_107" Encode="1" Value="0"/>
			<Cell CellID="R_108" CellID2="R_108" Encode="1" Value="0"/>
			<Cell CellID="W_108" CellID2="W_108" Encode="1" Value="0"/>
			<Cell CellID="R_109" CellID2="R_109" Encode="1" Value="0"/>
			<Cell CellID="W_109" CellID2="W_109" Encode="1" Value="0"/>
			<Cell CellID="R_110" CellID2="R_110" Encode="1" Value="0"/>
			<Cell CellID="W_110" CellID2="W_110" Encode="1" Value="0"/>
			<Cell CellID="R_111" CellID2="R_111" Encode="1" Value="0"/>
			<Cell CellID="W_111" CellID2="W_111" Encode="1" Value="0"/>
			<Cell CellID="R_112" CellID2="R_112" Encode="1" Value="0"/>
			<Cell CellID="W_112" CellID2="W_112" Encode="1" Value="0"/>
			<Cell CellID="R_113" CellID2="R_113" Encode="1" Value="0"/>
			<Cell CellID="W_113" CellID2="W_113" Encode="1" Value="0"/>
			<Cell CellID="R_114" CellID2="R_114" Encode="1" Value="0"/>
			<Cell CellID="W_114" CellID2="W_114" Encode="1" Value="0"/>
			<Cell CellID="R_115" CellID2="R_115" Encode="1" Value="0"/>
			<Cell CellID="W_115" CellID2="W_115" Encode="1" Value="0"/>
			<Cell CellID="R_116" CellID2="R_116" Encode="1" Value="0"/>
			<Cell CellID="W_116" CellID2="W_116" Encode="1" Value="0"/>
			<Cell CellID="R_117" CellID2="R_117" Encode="1" Value="0"/>
			<Cell CellID="W_117" CellID2="W_117" Encode="1" Value="0"/>
			<Cell CellID="R_118" CellID2="R_118" Encode="1" Value="4919698198"/>
			<Cell CellID="W_118" CellID2="W_118" Encode="1" Value="3889043062"/>
			<Cell CellID="R_119" CellID2="R_119" Encode="1" Value="2619606440"/>
			<Cell CellID="W_119" CellID2="W_119" Encode="1" Value="1770335250"/>
			<Cell CellID="R_120" CellID2="R_120" Encode="1" Value="2619606440"/>
			<Cell CellID="W_120" CellID2="W_120" Encode="1" Value="1770335250"/>
			<Cell CellID="R_121" CellID2="R_121" Encode="1" Value="759837332"/>
			<Cell CellID="W_121" CellID2="W_121" Encode="1" Value="437792912"/>
			<Cell CellID="R_122" CellID2="R_122" Encode="1" Value="0"/>
			<Cell CellID="W_122" CellID2="W_122" Encode="1" Value="0"/>
			<Cell CellID="R_123" CellID2="R_123" Encode="1" Value="45346108"/>
			<Cell CellID="W_123" CellID2="W_123" Encode="1" Value="35522338"/>
			<Cell CellID="R_124" CellID2="R_124" Encode="1" Value="0"/>
			<Cell CellID="W_124" CellID2="W_124" Encode="1" Value="0"/>
			<Cell CellID="R_125" CellID2="R_125" Encode="1" Value="0"/>
			<Cell CellID="W_125" CellID2="W_125" Encode="1" Value="0"/>
			<Cell CellID="R_126" CellID2="R_126" Encode="1" Value="0"/>
			<Cell CellID="W_126" CellID2="W_126" Encode="1" Value="0"/>
			<Cell CellID="R_127" CellID2="R_127" Encode="1" Value="0"/>
			<Cell CellID="W_127" CellID2="W_127" Encode="1" Value="0"/>
			<Cell CellID="R_128" CellID2="R_128" Encode="1" Value="0"/>
			<Cell CellID="W_128" CellID2="W_128" Encode="1" Value="0"/>
			<Cell CellID="R_129" CellID2="R_129" Encode="1" Value="0"/>
			<Cell CellID="W_129" CellID2="W_129" Encode="1" Value="0"/>
			<Cell CellID="R_130" CellID2="R_130" Encode="1" Value="1814423000"/>
			<Cell CellID="W_130" CellID2="W_130" Encode="1" Value="1297020000"/>
			<Cell CellID="R_131" CellID2="R_131" Encode="1" Value="0"/>
			<Cell CellID="W_131" CellID2="W_131" Encode="1" Value="0"/>
			<Cell CellID="R_132" CellID2="R_132" Encode="1" Value="0"/>
			<Cell CellID="W_132" CellID2="W_132" Encode="1" Value="0"/>
			<Cell CellID="R_133" CellID2="R_133" Encode="1" Value="0"/>
			<Cell CellID="W_133" CellID2="W_133" Encode="1" Value="0"/>
			<Cell CellID="R_134" CellID2="R_134" Encode="1" Value="0"/>
			<Cell CellID="W_134" CellID2="W_134" Encode="1" Value="0"/>
			<Cell CellID="R_135" CellID2="R_135" Encode="1" Value="0"/>
			<Cell CellID="W_135" CellID2="W_135" Encode="1" Value="0"/>
			<Cell CellID="R_136" CellID2="R_136" Encode="1" Value="0"/>
			<Cell CellID="W_136" CellID2="W_136" Encode="1" Value="0"/>
			<Cell CellID="R_137" CellID2="R_137" Encode="1" Value="0"/>
			<Cell CellID="W_137" CellID2="W_137" Encode="1" Value="0"/>
			<Cell CellID="R_138" CellID2="R_138" Encode="1" Value="0"/>
			<Cell CellID="W_138" CellID2="W_138" Encode="1" Value="0"/>
			<Cell CellID="R_139" CellID2="R_139" Encode="1" Value="0"/>
			<Cell CellID="W_139" CellID2="W_139" Encode="1" Value="0"/>
			<Cell CellID="R_140" CellID2="R_140" Encode="1" Value="0"/>
			<Cell CellID="W_140" CellID2="W_140" Encode="1" Value="0"/>
			<Cell CellID="R_141" CellID2="R_141" Encode="1" Value="0"/>
			<Cell CellID="W_141" CellID2="W_141" Encode="1" Value="0"/>
			<Cell CellID="R_142" CellID2="R_142" Encode="1" Value="0"/>
			<Cell CellID="W_142" CellID2="W_142" Encode="1" Value="0"/>
			<Cell CellID="R_143" CellID2="R_143" Encode="1" Value="0"/>
			<Cell CellID="W_143" CellID2="W_143" Encode="1" Value="0"/>
			<Cell CellID="R_144" CellID2="R_144" Encode="1" Value="0"/>
			<Cell CellID="W_144" CellID2="W_144" Encode="1" Value="0"/>
			<Cell CellID="R_145" CellID2="R_145" Encode="1" Value="0"/>
			<Cell CellID="W_145" CellID2="W_145" Encode="1" Value="0"/>
			<Cell CellID="R_146" CellID2="R_146" Encode="1" Value="0"/>
			<Cell CellID="W_146" CellID2="W_146" Encode="1" Value="0"/>
			<Cell CellID="R_147" CellID2="R_147" Encode="1" Value="0"/>
			<Cell CellID="W_147" CellID2="W_147" Encode="1" Value="0"/>
			<Cell CellID="R_148" CellID2="R_148" Encode="1" Value="0"/>
			<Cell CellID="W_148" CellID2="W_148" Encode="1" Value="0"/>
			<Cell CellID="R_149" CellID2="R_149" Encode="1" Value="2300091758"/>
			<Cell CellID="W_149" CellID2="W_149" Encode="1" Value="2118707812"/>
			<Cell CellID="R_150" CellID2="R_150" Encode="1" Value="2300091758"/>
			<Cell CellID="W_150" CellID2="W_150" Encode="1" Value="2118707812"/>
			<Cell CellID="R_151" CellID2="R_151" Encode="1" Value="1900000000"/>
			<Cell CellID="W_151" CellID2="W_151" Encode="1" Value="1900000000"/>
			<Cell CellID="R_152" CellID2="R_152" Encode="1" Value="0"/>
			<Cell CellID="W_152" CellID2="W_152" Encode="1" Value="0"/>
			<Cell CellID="R_153" CellID2="R_153" Encode="1" Value="0"/>
			<Cell CellID="W_153" CellID2="W_153" Encode="1" Value="0"/>
			<Cell CellID="R_154" CellID2="R_154" Encode="1" Value="0"/>
			<Cell CellID="W_154" CellID2="W_154" Encode="1" Value="0"/>
			<Cell CellID="R_155" CellID2="R_155" Encode="1" Value="0"/>
			<Cell CellID="W_155" CellID2="W_155" Encode="1" Value="0"/>
			<Cell CellID="R_156" CellID2="R_156" Encode="1" Value="0"/>
			<Cell CellID="W_156" CellID2="W_156" Encode="1" Value="0"/>
			<Cell CellID="R_157" CellID2="R_157" Encode="1" Value="0"/>
			<Cell CellID="W_157" CellID2="W_157" Encode="1" Value="0"/>
			<Cell CellID="R_158" CellID2="R_158" Encode="1" Value="0"/>
			<Cell CellID="W_158" CellID2="W_158" Encode="1" Value="0"/>
			<Cell CellID="R_159" CellID2="R_159" Encode="1" Value="0"/>
			<Cell CellID="W_159" CellID2="W_159" Encode="1" Value="0"/>
			<Cell CellID="R_160" CellID2="R_160" Encode="1" Value="0"/>
			<Cell CellID="W_160" CellID2="W_160" Encode="1" Value="0"/>
			<Cell CellID="R_161" CellID2="R_161" Encode="1" Value="0"/>
			<Cell CellID="W_161" CellID2="W_161" Encode="1" Value="0"/>
			<Cell CellID="R_162" CellID2="R_162" Encode="1" Value="0"/>
			<Cell CellID="W_162" CellID2="W_162" Encode="1" Value="0"/>
			<Cell CellID="R_163" CellID2="R_163" Encode="1" Value="400091758"/>
			<Cell CellID="W_163" CellID2="W_163" Encode="1" Value="218707812"/>
			<Cell CellID="R_164" CellID2="R_164" Encode="1" Value="218707812"/>
			<Cell CellID="W_164" CellID2="W_164" Encode="1" Value="92764979"/>
			<Cell CellID="R_165" CellID2="R_165" Encode="1" Value="181383946"/>
			<Cell CellID="W_165" CellID2="W_165" Encode="1" Value="125942833"/>
			<Cell CellID="R_166" CellID2="R_166" Encode="1" Value="0"/>
			<Cell CellID="W_166" CellID2="W_166" Encode="1" Value="0"/>
			<Cell CellID="R_167" CellID2="R_167" Encode="1" Value="0"/>
			<Cell CellID="W_167" CellID2="W_167" Encode="1" Value="0"/>
			<Cell CellID="R_168" CellID2="R_168" Encode="1" Value="0"/>
			<Cell CellID="W_168" CellID2="W_168" Encode="1" Value="0"/>
			<Cell CellID="R_169" CellID2="R_169" Encode="1" Value="0"/>
			<Cell CellID="W_169" CellID2="W_169" Encode="1" Value="0"/>
			<Cell CellID="R_170" CellID2="R_170" Encode="1" Value="4919698198"/>
			<Cell CellID="W_170" CellID2="W_170" Encode="1" Value="3889043062"/>
		</Cells>
	</Section>
	<Section Dynamic="0" MaxRows="0">
		<Cells>
			<Cell CellID="R_176" CellID2="R_176" Encode="1" Value="0"/>
			<Cell CellID="W_176" CellID2="W_176" Encode="1" Value="0"/>
			<Cell CellID="R_177" CellID2="R_177" Encode="1" Value="0"/>
			<Cell CellID="W_177" CellID2="W_177" Encode="1" Value="0"/>
			<Cell CellID="R_178" CellID2="R_178" Encode="1" Value="0"/>
			<Cell CellID="W_178" CellID2="W_178" Encode="1" Value="0"/>
			<Cell CellID="R_179" CellID2="R_179" Encode="1" Value="0"/>
			<Cell CellID="W_179" CellID2="W_179" Encode="1" Value="0"/>
			<Cell CellID="R_180" CellID2="R_180" Encode="1" Value="0"/>
			<Cell CellID="W_180" CellID2="W_180" Encode="1" Value="0"/>
			<Cell CellID="R_181" CellID2="R_181" Encode="1" Value="0"/>
			<Cell CellID="W_181" CellID2="W_181" Encode="1" Value="0"/>
			<Cell CellID="R_182" CellID2="R_182" Encode="1" Value="0"/>
			<Cell CellID="W_182" CellID2="W_182" Encode="1" Value="0"/>
			<Cell CellID="R_183" CellID2="R_183" Encode="1" Value="0"/>
			<Cell CellID="W_183" CellID2="W_183" Encode="1" Value="0"/>
			<Cell CellID="R_184" CellID2="R_184" Encode="1" Value="0"/>
			<Cell CellID="W_184" CellID2="W_184" Encode="1" Value="0"/>
			<Cell CellID="R_185" CellID2="R_185" Encode="1" Value="0"/>
			<Cell CellID="W_185" CellID2="W_185" Encode="1" Value="0"/>
			<Cell CellID="R_186" CellID2="R_186" Encode="1" Value="0"/>
			<Cell CellID="W_186" CellID2="W_186" Encode="1" Value="0"/>
			<Cell CellID="R_187" CellID2="R_187" Encode="1" Value="0"/>
			<Cell CellID="W_187" CellID2="W_187" Encode="1" Value="0"/>
			<Cell CellID="R_188" CellID2="R_188" Encode="1" Value="0"/>
			<Cell CellID="W_188" CellID2="W_188" Encode="1" Value="0"/>
			<Cell CellID="R_189" CellID2="R_189" Encode="1" Value="0"/>
			<Cell CellID="W_189" CellID2="W_189" Encode="1" Value="0"/>
			<Cell CellID="R_190" CellID2="R_190" Encode="1" Value="0"/>
			<Cell CellID="W_190" CellID2="W_190" Encode="1" Value="0"/>
			<Cell CellID="R_191" CellID2="R_191" Encode="1" Value="0"/>
			<Cell CellID="W_191" CellID2="W_191" Encode="1" Value="0"/>
			<Cell CellID="R_192" CellID2="R_192" Encode="1" Value="0"/>
			<Cell CellID="W_192" CellID2="W_192" Encode="1" Value="0"/>
			<Cell CellID="R_193" CellID2="R_193" Encode="1" Value="0"/>
			<Cell CellID="W_193" CellID2="W_193" Encode="1" Value="0"/>
			<Cell CellID="R_194" CellID2="R_194" Encode="1" Value="0"/>
			<Cell CellID="W_194" CellID2="W_194" Encode="1" Value="0"/>
			<Cell CellID="R_195" CellID2="R_195" Encode="1" Value="0"/>
			<Cell CellID="W_195" CellID2="W_195" Encode="1" Value="0"/>
			<Cell CellID="R_196" CellID2="R_196" Encode="1" Value="0"/>
			<Cell CellID="W_196" CellID2="W_196" Encode="1" Value="0"/>
			<Cell CellID="R_197" CellID2="R_197" Encode="1" Value="0"/>
			<Cell CellID="W_197" CellID2="W_197" Encode="1" Value="0"/>
			<Cell CellID="R_198" CellID2="R_198" Encode="1" Value="0"/>
			<Cell CellID="W_198" CellID2="W_198" Encode="1" Value="0"/>
			<Cell CellID="R_199" CellID2="R_199" Encode="1" Value="0"/>
			<Cell CellID="W_199" CellID2="W_199" Encode="1" Value="0"/>
			<Cell CellID="R_200" CellID2="R_200" Encode="1" Value="0"/>
			<Cell CellID="W_200" CellID2="W_200" Encode="1" Value="0"/>
			<Cell CellID="R_201" CellID2="R_201" Encode="1" Value="0"/>
			<Cell CellID="W_201" CellID2="W_201" Encode="1" Value="0"/>
			<Cell CellID="R_202" CellID2="R_202" Encode="1" Value="0"/>
			<Cell CellID="W_202" CellID2="W_202" Encode="1" Value="0"/>
			<Cell CellID="R_203" CellID2="R_203" Encode="1" Value="0"/>
			<Cell CellID="W_203" CellID2="W_203" Encode="1" Value="0"/>
			<Cell CellID="R_204" CellID2="R_204" Encode="1" Value="0"/>
			<Cell CellID="W_204" CellID2="W_204" Encode="1" Value="0"/>
			<Cell CellID="R_205" CellID2="R_205" Encode="1" Value="0"/>
			<Cell CellID="W_205" CellID2="W_205" Encode="1" Value="0"/>
			<Cell CellID="R_206" CellID2="R_206" Encode="1" Value="0"/>
			<Cell CellID="W_206" CellID2="W_206" Encode="1" Value="0"/>
			<Cell CellID="R_207" CellID2="R_207" Encode="1" Value="0"/>
			<Cell CellID="W_207" CellID2="W_207" Encode="1" Value="0"/>
			<Cell CellID="R_208" CellID2="R_208" Encode="1" Value="0"/>
			<Cell CellID="W_208" CellID2="W_208" Encode="1" Value="0"/>
			<Cell CellID="R_209" CellID2="R_209" Encode="1" Value="0"/>
			<Cell CellID="W_209" CellID2="W_209" Encode="1" Value="0"/>
			<Cell CellID="R_210" CellID2="R_210" Encode="1" Value="0"/>
			<Cell CellID="W_210" CellID2="W_210" Encode="1" Value="0"/>
			<Cell CellID="R_211" CellID2="R_211" Encode="1" Value="0"/>
			<Cell CellID="W_211" CellID2="W_211" Encode="1" Value="0"/>
			<Cell CellID="R_212" CellID2="R_212" Encode="1" Value="0"/>
			<Cell CellID="W_212" CellID2="W_212" Encode="1" Value="0"/>
			<Cell CellID="R_213" CellID2="R_213" Encode="1" Value="0"/>
			<Cell CellID="W_213" CellID2="W_213" Encode="1" Value="0"/>
			<Cell CellID="R_214" CellID2="R_214" Encode="1" Value="0"/>
			<Cell CellID="W_214" CellID2="W_214" Encode="1" Value="0"/>
			<Cell CellID="R_215" CellID2="R_215" Encode="1" Value="0"/>
			<Cell CellID="W_215" CellID2="W_215" Encode="1" Value="0"/>
			<Cell CellID="R_216" CellID2="R_216" Encode="1" Value="0"/>
			<Cell CellID="W_216" CellID2="W_216" Encode="1" Value="0"/>
			<Cell CellID="R_217" CellID2="R_217" Encode="1" Value="0"/>
			<Cell CellID="W_217" CellID2="W_217" Encode="1" Value="0"/>
			<Cell CellID="R_218" CellID2="R_218" Encode="1" Value="0"/>
			<Cell CellID="W_218" CellID2="W_218" Encode="1" Value="0"/>
			<Cell CellID="R_219" CellID2="R_219" Encode="1" Value="0"/>
			<Cell CellID="W_219" CellID2="W_219" Encode="1" Value="0"/>
			<Cell CellID="R_220" CellID2="R_220" Encode="1" Value="0"/>
			<Cell CellID="W_220" CellID2="W_220" Encode="1" Value="0"/>
			<Cell CellID="R_221" CellID2="R_221" Encode="1" Value="0"/>
			<Cell CellID="W_221" CellID2="W_221" Encode="1" Value="0"/>
			<Cell CellID="R_222" CellID2="R_222" Encode="1" Value="0"/>
			<Cell CellID="W_222" CellID2="W_222" Encode="1" Value="0"/>
			<Cell CellID="R_223" CellID2="R_223" Encode="1" Value="0"/>
			<Cell CellID="W_223" CellID2="W_223" Encode="1" Value="0"/>
			<Cell CellID="R_224" CellID2="R_224" Encode="1" Value="0"/>
			<Cell CellID="W_224" CellID2="W_224" Encode="1" Value="0"/>
			<Cell CellID="R_225" CellID2="R_225" Encode="1" Value="0"/>
			<Cell CellID="W_225" CellID2="W_225" Encode="1" Value="0"/>
			<Cell CellID="R_226" CellID2="R_226" Encode="1" Value="0"/>
			<Cell CellID="W_226" CellID2="W_226" Encode="1" Value="0"/>
			<Cell CellID="R_227" CellID2="R_227" Encode="1" Value="0"/>
			<Cell CellID="W_227" CellID2="W_227" Encode="1" Value="0"/>
			<Cell CellID="R_228" CellID2="R_228" Encode="1" Value="0"/>
			<Cell CellID="W_228" CellID2="W_228" Encode="1" Value="0"/>
			<Cell CellID="R_229" CellID2="R_229" Encode="1" Value="0"/>
			<Cell CellID="W_229" CellID2="W_229" Encode="1" Value="0"/>
			<Cell CellID="R_230" CellID2="R_230" Encode="1" Value="0"/>
			<Cell CellID="W_230" CellID2="W_230" Encode="1" Value="0"/>
			<Cell CellID="R_231" CellID2="R_231" Encode="1" Value="0"/>
			<Cell CellID="W_231" CellID2="W_231" Encode="1" Value="0"/>
			<Cell CellID="R_232" CellID2="R_232" Encode="1" Value="0"/>
			<Cell CellID="W_232" CellID2="W_232" Encode="1" Value="0"/>
			<Cell CellID="R_233" CellID2="R_233" Encode="1" Value="0"/>
			<Cell CellID="W_233" CellID2="W_233" Encode="1" Value="0"/>
			<Cell CellID="R_234" CellID2="R_234" Encode="1" Value="0"/>
			<Cell CellID="W_234" CellID2="W_234" Encode="1" Value="0"/>
			<Cell CellID="R_235" CellID2="R_235" Encode="1" Value="0"/>
			<Cell CellID="W_235" CellID2="W_235" Encode="1" Value="0"/>
			<Cell CellID="R_236" CellID2="R_236" Encode="1" Value="0"/>
			<Cell CellID="W_236" CellID2="W_236" Encode="1" Value="0"/>
			<Cell CellID="R_237" CellID2="R_237" Encode="1" Value="0"/>
			<Cell CellID="W_237" CellID2="W_237" Encode="1" Value="0"/>
			<Cell CellID="R_238" CellID2="R_238" Encode="1" Value="0"/>
			<Cell CellID="W_238" CellID2="W_238" Encode="1" Value="0"/>
			<Cell CellID="R_239" CellID2="R_239" Encode="1" Value="0"/>
			<Cell CellID="W_239" CellID2="W_239" Encode="1" Value="0"/>
			<Cell CellID="R_240" CellID2="R_240" Encode="1" Value="0"/>
			<Cell CellID="W_240" CellID2="W_240" Encode="1" Value="0"/>
			<Cell CellID="R_241" CellID2="R_241" Encode="1" Value="0"/>
			<Cell CellID="W_241" CellID2="W_241" Encode="1" Value="0"/>
			<Cell CellID="R_242" CellID2="R_242" Encode="1" Value="0"/>
			<Cell CellID="W_242" CellID2="W_242" Encode="1" Value="0"/>
			<Cell CellID="R_243" CellID2="R_243" Encode="1" Value="0"/>
			<Cell CellID="W_243" CellID2="W_243" Encode="1" Value="0"/>
			<Cell CellID="R_244" CellID2="R_244" Encode="1" Value="0"/>
			<Cell CellID="W_244" CellID2="W_244" Encode="1" Value="0"/>
			<Cell CellID="R_245" CellID2="R_245" Encode="1" Value="0"/>
			<Cell CellID="W_245" CellID2="W_245" Encode="1" Value="0"/>
			<Cell CellID="R_246" CellID2="R_246" Encode="1" Value="0"/>
			<Cell CellID="W_246" CellID2="W_246" Encode="1" Value="0"/>
			<Cell CellID="R_247" CellID2="R_247" Encode="1" Value="0"/>
			<Cell CellID="W_247" CellID2="W_247" Encode="1" Value="0"/>
			<Cell CellID="R_248" CellID2="R_248" Encode="1" Value="0"/>
			<Cell CellID="W_248" CellID2="W_248" Encode="1" Value="0"/>
		</Cells>
	</Section>
	<Section Dynamic="0" MaxRows="0">
		<Cells>
			<Cell CellID="F_251" CellID2="C_261" Encode="1" Value=""/>
			<Cell CellID="V_251" CellID2="S_261" Encode="1" Value="Lê Thị Dung"/>
			<Cell CellID="F_253" CellID2="K_261" Encode="1" Value=""/>
			<Cell CellID="V_253" CellID2="R_254" Encode="1" Value="12/03/2016"/>
			<Cell CellID="I_255" CellID2="I_263" Encode="1" Value=""/>
			<Cell CellID="I_257" CellID2="J_264" Encode="1" Value=""/>
			<Cell CellID="S_45" CellID2="K_21" Encode="1" Value="01/01/2015"/>
			<Cell CellID="U_45" CellID2="L_21" Encode="1" Value="31/12/2015"/>
			<Cell CellID="F_38" CellID2="T_52" Encode="1" Value="Việt Nam Đồng"/>
			<Cell CellID="F_40" CellID2="R_52" Encode="1" Value="VND"/>
			<Cell CellID="O_38" CellID2="Q_52" Encode="1" Value="0"/>
			<Cell CellID="K_45" CellID2="K_52" Encode="1" Value="1"/>
			<Cell CellID="L_45" CellID2="L_52" Encode="1" Value="0"/>
		</Cells>
	</Section>
</Sections>
