<!-- edited with XML Spy v4.1 U (http://www.xmlspy.com) by CMCSoft-->
<!DOCTYPE Sections SYSTEM "..\..\InterfaceTemplates\Schema.dtd">
<Sections Version="321">
	<Section Dynamic="1" MaxRows="0">
		<Cells>
			<Cell CellID="C_8" CellID2="AU_18" FirstCell="0" Encode="0" Receive="1" Value="" StatusID="0001"/>
			<Cell CellID="D_8" CellID2="C_18" Encode="1" Receive="1" Value="" StatusID="0001"/>
			<Cell CellID="E_8" CellID2="E_18" Encode="1" Receive="1" Value="" StatusID="0001"/>
			<Cell CellID="F_8" CellID2="G_18" Encode="1" Receive="1" Value="" StatusID="0001"/>
			<Cell CellID="G_8" CellID2="M_18" Encode="1" Receive="1" Value="" StatusID="0001"/>
			<Cell CellID="H_8" CellID2="R_18" Encode="1" Receive="1" Value="" StatusID="0001"/>
			<Cell CellID="I_8" CellID2="X_18" Encode="1" Receive="1" Value="" StatusID="0001"/>
			<Cell CellID="J_8" CellID2="AB_18" Encode="1" Receive="1" Value="" StatusID="0001"/>
			<Cell CellID="K_8" CellID2="AF_18" Encode="1" Receive="1" Value="0" StatusID="0001"/>
			<Cell CellID="M_8" CellID2="AN_18" Encode="1" Receive="1" Value="0" StatusID="0001"/>
			<Cell CellID="N_8" CellID2="AR_18" Encode="1" Receive="1" Value="" StatusID="0001"/>
		</Cells>
	</Section>
	<Section Dynamic="1" MaxRows="0">
		<Cells>
			<Cell CellID="C_13" CellID2="AU_23" FirstCell="0" Encode="0" Receive="1" Value="" StatusID="0001"/>
			<Cell CellID="D_13" CellID2="C_23" Encode="1" Receive="1" Value="01GTKT3/001" StatusID="0001"/>
			<Cell CellID="E_13" CellID2="E_23" Encode="1" Receive="1" Value="AL/11P" StatusID="0001"/>
			<Cell CellID="F_13" CellID2="G_23" Encode="1" Receive="1" Value="0000032" StatusID="0001"/>
			<Cell CellID="G_13" CellID2="M_23" Encode="1" Receive="1" Value="18/03/2014" StatusID="0001"/>
			<Cell CellID="H_13" CellID2="R_23" Encode="1" Receive="1" Value="TOKAI DENPUN CO., LTD" StatusID="0001"/>
			<Cell CellID="I_13" CellID2="X_23" Encode="1" Receive="1" Value="" StatusID="0001"/>
			<Cell CellID="J_13" CellID2="AB_23" Encode="1" Receive="1" Value="Khô cá chỉ vàng tẩm" StatusID="0001"/>
			<Cell CellID="K_13" CellID2="AF_23" Encode="1" Receive="1" Value="353404800" StatusID="0001"/>
			<Cell CellID="M_13" CellID2="AN_23" Encode="1" Receive="1" Value="0" StatusID="0001"/>
			<Cell CellID="N_13" CellID2="AR_23" Encode="1" Receive="1" Value="" StatusID="0001"/>
		</Cells>
		<Cells>
			<Cell CellID="C_14" CellID2="AU_24" FirstCell="1" Encode="0" Receive="1" Value="" StatusID="0001"/>
			<Cell CellID="D_14" CellID2="C_24" Encode="1" Receive="1" Value="01GTKT3/001" StatusID="0001"/>
			<Cell CellID="E_14" CellID2="E_24" Encode="1" Receive="1" Value="AL/11P" StatusID="0001"/>
			<Cell CellID="F_14" CellID2="G_24" Encode="1" Receive="1" Value="0000032" StatusID="0001"/>
			<Cell CellID="G_14" CellID2="M_24" Encode="1" Receive="1" Value="18/03/2014" StatusID="0001"/>
			<Cell CellID="H_14" CellID2="R_24" Encode="1" Receive="1" Value="TOKAI DENPUN CO., LTD" StatusID="0001"/>
			<Cell CellID="I_14" CellID2="X_24" Encode="1" Receive="1" Value="" StatusID="0001"/>
			<Cell CellID="J_14" CellID2="AB_24" Encode="1" Receive="1" Value="Khô cá bò tẩm" StatusID="0001"/>
			<Cell CellID="K_14" CellID2="AF_24" Encode="1" Receive="1" Value="1272678000" StatusID="0001"/>
			<Cell CellID="M_14" CellID2="AN_24" Encode="1" Receive="1" Value="0" StatusID="0001"/>
			<Cell CellID="N_14" CellID2="AR_24" Encode="1" Receive="1" Value="" StatusID="0001"/>
		</Cells>
		<Cells>
			<Cell CellID="C_15" CellID2="AU_25" FirstCell="1" Encode="0" Receive="1" Value="" StatusID="0001"/>
			<Cell CellID="D_15" CellID2="C_25" Encode="1" Receive="1" Value="01GTKT3/001" StatusID="0001"/>
			<Cell CellID="E_15" CellID2="E_25" Encode="1" Receive="1" Value="AL/11P" StatusID="0001"/>
			<Cell CellID="F_15" CellID2="G_25" Encode="1" Receive="1" Value="0000033" StatusID="0001"/>
			<Cell CellID="G_15" CellID2="M_25" Encode="1" Receive="1" Value="25/03/2014" StatusID="0001"/>
			<Cell CellID="H_15" CellID2="R_25" Encode="1" Receive="1" Value="BIOVITAL COMPANY" StatusID="0001"/>
			<Cell CellID="I_15" CellID2="X_25" Encode="1" Receive="1" Value="" StatusID="0001"/>
			<Cell CellID="J_15" CellID2="AB_25" Encode="1" Receive="1" Value="Khô cá cơm" StatusID="0001"/>
			<Cell CellID="K_15" CellID2="AF_25" Encode="1" Receive="1" Value="520641000" StatusID="0001"/>
			<Cell CellID="M_15" CellID2="AN_25" Encode="1" Receive="1" Value="0" StatusID="0001"/>
			<Cell CellID="N_15" CellID2="AR_25" Encode="1" Receive="1" Value="" StatusID="0001"/>
		</Cells>
		<Cells>
			<Cell CellID="C_16" CellID2="AU_26" FirstCell="1" Encode="0" Receive="1" Value="" StatusID="0001"/>
			<Cell CellID="D_16" CellID2="C_26" Encode="1" Receive="1" Value="01GTKT3/001" StatusID="0001"/>
			<Cell CellID="E_16" CellID2="E_26" Encode="1" Receive="1" Value="AL/11P" StatusID="0001"/>
			<Cell CellID="F_16" CellID2="G_26" Encode="1" Receive="1" Value="0000033" StatusID="0001"/>
			<Cell CellID="G_16" CellID2="M_26" Encode="1" Receive="1" Value="25/03/2014" StatusID="0001"/>
			<Cell CellID="H_16" CellID2="R_26" Encode="1" Receive="1" Value="BIOVITAL COMPANY" StatusID="0001"/>
			<Cell CellID="I_16" CellID2="X_26" Encode="1" Receive="1" Value="" StatusID="0001"/>
			<Cell CellID="J_16" CellID2="AB_26" Encode="1" Receive="1" Value="Khô cá chỉ vàng tẩm" StatusID="0001"/>
			<Cell CellID="K_16" CellID2="AF_26" Encode="1" Receive="1" Value="1419930000" StatusID="0001"/>
			<Cell CellID="M_16" CellID2="AN_26" Encode="1" Receive="1" Value="0" StatusID="0001"/>
			<Cell CellID="N_16" CellID2="AR_26" Encode="1" Receive="1" Value="" StatusID="0001"/>
		</Cells>
		<Cells>
			<Cell CellID="C_17" CellID2="AU_27" FirstCell="1" Encode="0" Receive="1" Value="" StatusID="0001"/>
			<Cell CellID="D_17" CellID2="C_27" Encode="1" Receive="1" Value="01GTKT3/001" StatusID="0001"/>
			<Cell CellID="E_17" CellID2="E_27" Encode="1" Receive="1" Value="AL/11P" StatusID="0001"/>
			<Cell CellID="F_17" CellID2="G_27" Encode="1" Receive="1" Value="0000034" StatusID="0001"/>
			<Cell CellID="G_17" CellID2="M_27" Encode="1" Receive="1" Value="28/03/2014" StatusID="0001"/>
			<Cell CellID="H_17" CellID2="R_27" Encode="1" Receive="1" Value="LLC TRADE HOUSE FAVORIT" StatusID="0001"/>
			<Cell CellID="I_17" CellID2="X_27" Encode="1" Receive="1" Value="" StatusID="0001"/>
			<Cell CellID="J_17" CellID2="AB_27" Encode="1" Receive="1" Value="Khô cá cơm" StatusID="0001"/>
			<Cell CellID="K_17" CellID2="AF_27" Encode="1" Receive="1" Value="1044689832" StatusID="0001"/>
			<Cell CellID="M_17" CellID2="AN_27" Encode="1" Receive="1" Value="0" StatusID="0001"/>
			<Cell CellID="N_17" CellID2="AR_27" Encode="1" Receive="1" Value="" StatusID="0001"/>
		</Cells>
		<Cells>
			<Cell CellID="C_18" CellID2="AU_28" FirstCell="1" Encode="0" Receive="1" Value="" StatusID="0001"/>
			<Cell CellID="D_18" CellID2="C_28" Encode="1" Receive="1" Value="01GTKT3/001" StatusID="0001"/>
			<Cell CellID="E_18" CellID2="E_28" Encode="1" Receive="1" Value="AL/11P" StatusID="0001"/>
			<Cell CellID="F_18" CellID2="G_28" Encode="1" Receive="1" Value="0000034" StatusID="0001"/>
			<Cell CellID="G_18" CellID2="M_28" Encode="1" Receive="1" Value="28/03/2014" StatusID="0001"/>
			<Cell CellID="H_18" CellID2="R_28" Encode="1" Receive="1" Value="LLC TRADE HOUSE FAVORIT" StatusID="0001"/>
			<Cell CellID="I_18" CellID2="X_28" Encode="1" Receive="1" Value="" StatusID="0001"/>
			<Cell CellID="J_18" CellID2="AB_28" Encode="1" Receive="1" Value="Khô cá ngân" StatusID="0001"/>
			<Cell CellID="K_18" CellID2="AF_28" Encode="1" Receive="1" Value="604322208" StatusID="0001"/>
			<Cell CellID="M_18" CellID2="AN_28" Encode="1" Receive="1" Value="0" StatusID="0001"/>
			<Cell CellID="N_18" CellID2="AR_28" Encode="1" Receive="1" Value="" StatusID="0001"/>
		</Cells>
		<Cells>
			<Cell CellID="C_19" CellID2="AU_29" FirstCell="1" Encode="0" Receive="1" Value="" StatusID="0001"/>
			<Cell CellID="D_19" CellID2="C_29" Encode="1" Receive="1" Value="01GTKT3/001" StatusID="0001"/>
			<Cell CellID="E_19" CellID2="E_29" Encode="1" Receive="1" Value="AL/11P" StatusID="0001"/>
			<Cell CellID="F_19" CellID2="G_29" Encode="1" Receive="1" Value="0000034" StatusID="0001"/>
			<Cell CellID="G_19" CellID2="M_29" Encode="1" Receive="1" Value="28/03/2014" StatusID="0001"/>
			<Cell CellID="H_19" CellID2="R_29" Encode="1" Receive="1" Value="LLC TRADE HOUSE FAVORIT" StatusID="0001"/>
			<Cell CellID="I_19" CellID2="X_29" Encode="1" Receive="1" Value="" StatusID="0001"/>
			<Cell CellID="J_19" CellID2="AB_29" Encode="1" Receive="1" Value="Khô cá chỉ vàng" StatusID="0001"/>
			<Cell CellID="K_19" CellID2="AF_29" Encode="1" Receive="1" Value="1647118800" StatusID="0001"/>
			<Cell CellID="M_19" CellID2="AN_29" Encode="1" Receive="1" Value="0" StatusID="0001"/>
			<Cell CellID="N_19" CellID2="AR_29" Encode="1" Receive="1" Value="" StatusID="0001"/>
		</Cells>
	</Section>
	<Section Dynamic="1" MaxRows="0">
		<Cells>
			<Cell CellID="C_24" CellID2="AU_34" FirstCell="0" Encode="0" Receive="1" Value="" StatusID="0001"/>
			<Cell CellID="D_24" CellID2="C_34" Encode="1" Receive="1" Value="" StatusID="0001"/>
			<Cell CellID="E_24" CellID2="E_34" Encode="1" Receive="1" Value="" StatusID="0001"/>
			<Cell CellID="F_24" CellID2="G_34" Encode="1" Receive="1" Value="" StatusID="0001"/>
			<Cell CellID="G_24" CellID2="M_34" Encode="1" Receive="1" Value="" StatusID="0001"/>
			<Cell CellID="H_24" CellID2="R_34" Encode="1" Receive="1" Value="" StatusID="0001"/>
			<Cell CellID="I_24" CellID2="X_34" Encode="1" Receive="1" Value="" StatusID="0001"/>
			<Cell CellID="J_24" CellID2="AB_34" Encode="1" Receive="1" Value="" StatusID="0001"/>
			<Cell CellID="K_24" CellID2="AF_34" Encode="1" Receive="1" Value="0" StatusID="0001"/>
			<Cell CellID="M_24" CellID2="AN_34" Encode="1" Receive="1" Value="0" StatusID="0001"/>
			<Cell CellID="N_24" CellID2="AR_34" Encode="1" Receive="1" Value="" StatusID="0001"/>
		</Cells>
	</Section>
	<Section Dynamic="1" MaxRows="0">
		<Cells>
			<Cell CellID="C_29" CellID2="AU_39" FirstCell="0" Encode="0" Receive="1" Value="" StatusID="0001"/>
			<Cell CellID="D_29" CellID2="C_39" Encode="1" Receive="1" Value="01GTKT3/001" StatusID="0001"/>
			<Cell CellID="E_29" CellID2="E_39" Encode="1" Receive="1" Value="AL/11P" StatusID="0001"/>
			<Cell CellID="F_29" CellID2="G_39" Encode="1" Receive="1" Value="0000031" StatusID="0001"/>
			<Cell CellID="G_29" CellID2="M_39" Encode="1" Receive="1" Value="03/03/2014" StatusID="0001"/>
			<Cell CellID="H_29" CellID2="R_39" Encode="1" Receive="1" Value="CN CTY CP Chế Biến XNK Thủy Hải Sản BR - VT Tại TPHCM" StatusID="0001"/>
			<Cell CellID="I_29" CellID2="X_39" Encode="1" Receive="1" Value="3500666675005" StatusID="0001"/>
			<Cell CellID="J_29" CellID2="AB_39" Encode="1" Receive="1" Value="Khô cá mai" StatusID="0001"/>
			<Cell CellID="K_29" CellID2="AF_39" Encode="1" Receive="1" Value="447890976" StatusID="0001"/>
			<Cell CellID="M_29" CellID2="AN_39" Encode="1" Receive="1" Value="44789098" StatusID="0001"/>
			<Cell CellID="N_29" CellID2="AR_39" Encode="1" Receive="1" Value="" StatusID="0001"/>
		</Cells>
		<Cells>
			<Cell CellID="C_30" CellID2="AU_40" FirstCell="1" Encode="0" Receive="1" Value="" StatusID="0001"/>
			<Cell CellID="D_30" CellID2="C_40" Encode="1" Receive="1" Value="01GTKT3/001" StatusID="0001"/>
			<Cell CellID="E_30" CellID2="E_40" Encode="1" Receive="1" Value="AL/11P" StatusID="0001"/>
			<Cell CellID="F_30" CellID2="G_40" Encode="1" Receive="1" Value="0000031" StatusID="0001"/>
			<Cell CellID="G_30" CellID2="M_40" Encode="1" Receive="1" Value="03/03/2014" StatusID="0001"/>
			<Cell CellID="H_30" CellID2="R_40" Encode="1" Receive="1" Value="CN CTY CP Chế Biến XNK Thủy Hải Sản BR - VT Tại TPHCM" StatusID="0001"/>
			<Cell CellID="I_30" CellID2="X_40" Encode="1" Receive="1" Value="3500666675005" StatusID="0001"/>
			<Cell CellID="J_30" CellID2="AB_40" Encode="1" Receive="1" Value="Ghẹ khô" StatusID="0001"/>
			<Cell CellID="K_30" CellID2="AF_40" Encode="1" Receive="1" Value="1791800" StatusID="0001"/>
			<Cell CellID="M_30" CellID2="AN_40" Encode="1" Receive="1" Value="179180" StatusID="0001"/>
			<Cell CellID="N_30" CellID2="AR_40" Encode="1" Receive="1" Value="" StatusID="0001"/>
		</Cells>
	</Section>
	<Section Dynamic="1" MaxRows="0">
		<Cells>
			<Cell CellID="C_35" CellID2="AU_45" FirstCell="0" Encode="0" Receive="1" Value="" StatusID="0001"/>
			<Cell CellID="D_35" CellID2="C_45" Encode="1" Receive="1" Value="" StatusID="0001"/>
			<Cell CellID="E_35" CellID2="E_45" Encode="1" Receive="1" Value="" StatusID="0001"/>
			<Cell CellID="F_35" CellID2="G_45" Encode="1" Receive="1" Value="" StatusID="0001"/>
			<Cell CellID="G_35" CellID2="M_45" Encode="1" Receive="1" Value="" StatusID="0001"/>
			<Cell CellID="H_35" CellID2="R_45" Encode="1" Receive="1" Value="" StatusID="0001"/>
			<Cell CellID="I_35" CellID2="X_45" Encode="1" Receive="1" Value="" StatusID="0001"/>
			<Cell CellID="J_35" CellID2="AB_45" Encode="1" Receive="1" Value="" StatusID="0001"/>
			<Cell CellID="K_35" CellID2="AF_45" Encode="1" Receive="1" Value="0" StatusID="0001"/>
			<Cell CellID="M_35" CellID2="AN_45" Encode="1" Receive="1" Value="0" StatusID="0001"/>
			<Cell CellID="N_35" CellID2="AR_45" Encode="1" Receive="1" Value="" StatusID="0001"/>
		</Cells>
	</Section>
	<Section Dynamic="0" MaxRows="0">
		<Cells>
			<Cell CellID="H_39" CellID2="V_49" Encode="1" Value="7312467416"/>
			<Cell CellID="H_40" CellID2="V_51" Encode="1" Value="7312467416"/>
			<Cell CellID="H_41" CellID2="V_53" Encode="1" Value="44968278"/>
		</Cells>
	</Section>
</Sections>
