<!-- edited with XML Spy v4.1 U (http://www.xmlspy.com) by CMCSoft-->
<!DOCTYPE Sections SYSTEM "..\..\InterfaceTemplates\Schema.dtd">
<Sections Version="320">
	<Section Dynamic="0" MaxRows="0">
		<Cells>
			<Cell CellID="P_40" CellID2="P_40" Encode="1" Value=""/>
			<Cell CellID="R_40" CellID2="R_40" Encode="1" Value="3146742845"/>
			<Cell CellID="W_40" CellID2="W_40" Encode="1" Value="2749875882"/>
			<Cell CellID="P_41" CellID2="P_41" Encode="1" Value="III.01"/>
			<Cell CellID="R_41" CellID2="R_41" Encode="1" Value="2340104105"/>
			<Cell CellID="W_41" CellID2="W_41" Encode="1" Value="2388833957"/>
			<Cell CellID="P_42" CellID2="P_42" Encode="1" Value="III.05"/>
			<Cell CellID="R_42" CellID2="R_42" Encode="1" Value="0"/>
			<Cell CellID="W_42" CellID2="W_42" Encode="1" Value="0"/>
			<Cell CellID="P_43" CellID2="P_43" Encode="1" Value=""/>
			<Cell CellID="R_43" CellID2="R_43" Encode="1" Value="0"/>
			<Cell CellID="W_43" CellID2="W_43" Encode="1" Value="0"/>
			<Cell CellID="P_44" CellID2="P_44" Encode="1" Value=""/>
			<Cell CellID="R_44" CellID2="R_44" Encode="1" Value="0"/>
			<Cell CellID="W_44" CellID2="W_44" Encode="1" Value="0"/>
			<Cell CellID="P_45" CellID2="P_45" Encode="1" Value=""/>
			<Cell CellID="R_45" CellID2="R_45" Encode="1" Value="346819040"/>
			<Cell CellID="W_45" CellID2="W_45" Encode="1" Value="143283568"/>
			<Cell CellID="P_46" CellID2="P_46" Encode="1" Value=""/>
			<Cell CellID="R_46" CellID2="R_46" Encode="1" Value="346819040"/>
			<Cell CellID="W_46" CellID2="W_46" Encode="1" Value="143125437"/>
			<Cell CellID="P_47" CellID2="P_47" Encode="1" Value=""/>
			<Cell CellID="R_47" CellID2="R_47" Encode="1" Value="0"/>
			<Cell CellID="W_47" CellID2="W_47" Encode="1" Value="158131"/>
			<Cell CellID="P_48" CellID2="P_48" Encode="1" Value=""/>
			<Cell CellID="R_48" CellID2="R_48" Encode="1" Value="0"/>
			<Cell CellID="W_48" CellID2="W_48" Encode="1" Value="0"/>
			<Cell CellID="P_49" CellID2="P_49" Encode="1" Value=""/>
			<Cell CellID="R_49" CellID2="R_49" Encode="1" Value="0"/>
			<Cell CellID="W_49" CellID2="W_49" Encode="1" Value="0"/>
			<Cell CellID="P_50" CellID2="P_50" Encode="1" Value=""/>
			<Cell CellID="R_50" CellID2="R_50" Encode="1" Value="456651313"/>
			<Cell CellID="W_50" CellID2="W_50" Encode="1" Value="217758357"/>
			<Cell CellID="P_51" CellID2="P_51" Encode="1" Value="III.02"/>
			<Cell CellID="R_51" CellID2="R_51" Encode="1" Value="456651313"/>
			<Cell CellID="W_51" CellID2="W_51" Encode="1" Value="217758357"/>
			<Cell CellID="P_52" CellID2="P_52" Encode="1" Value=""/>
			<Cell CellID="R_52" CellID2="R_52" Encode="1" Value="0"/>
			<Cell CellID="W_52" CellID2="W_52" Encode="1" Value="0"/>
			<Cell CellID="P_53" CellID2="P_53" Encode="1" Value=""/>
			<Cell CellID="R_53" CellID2="R_53" Encode="1" Value="3168387"/>
			<Cell CellID="W_53" CellID2="W_53" Encode="1" Value="0"/>
			<Cell CellID="P_54" CellID2="P_54" Encode="1" Value=""/>
			<Cell CellID="R_54" CellID2="R_54" Encode="1" Value="3168387"/>
			<Cell CellID="W_54" CellID2="W_54" Encode="1" Value="0"/>
			<Cell CellID="P_55" CellID2="P_55" Encode="1" Value=""/>
			<Cell CellID="R_55" CellID2="R_55" Encode="1" Value="0"/>
			<Cell CellID="W_55" CellID2="W_55" Encode="1" Value="0"/>
			<Cell CellID="P_56" CellID2="P_56" Encode="1" Value=""/>
			<Cell CellID="R_56" CellID2="R_56" Encode="1" Value="0"/>
			<Cell CellID="W_56" CellID2="W_56" Encode="1" Value="0"/>
			<Cell CellID="P_57" CellID2="P_57" Encode="1" Value=""/>
			<Cell CellID="R_57" CellID2="R_57" Encode="1" Value="0"/>
			<Cell CellID="W_57" CellID2="W_57" Encode="1" Value="0"/>
			<Cell CellID="P_58" CellID2="P_58" Encode="1" Value=""/>
			<Cell CellID="R_58" CellID2="R_58" Encode="1" Value="0"/>
			<Cell CellID="W_58" CellID2="W_58" Encode="1" Value="4609089"/>
			<Cell CellID="P_59" CellID2="P_59" Encode="1" Value="III.03.04"/>
			<Cell CellID="R_59" CellID2="R_59" Encode="1" Value="0"/>
			<Cell CellID="W_59" CellID2="W_59" Encode="1" Value="0"/>
			<Cell CellID="P_60" CellID2="P_60" Encode="1" Value=""/>
			<Cell CellID="R_60" CellID2="R_60" Encode="1" Value="0"/>
			<Cell CellID="W_60" CellID2="W_60" Encode="1" Value="0"/>
			<Cell CellID="P_61" CellID2="P_61" Encode="1" Value=""/>
			<Cell CellID="R_61" CellID2="R_61" Encode="1" Value="0"/>
			<Cell CellID="W_61" CellID2="W_61" Encode="1" Value="0"/>
			<Cell CellID="P_62" CellID2="P_62" Encode="1" Value=""/>
			<Cell CellID="R_62" CellID2="R_62" Encode="1" Value="0"/>
			<Cell CellID="W_62" CellID2="W_62" Encode="1" Value="0"/>
			<Cell CellID="P_63" CellID2="P_63" Encode="1" Value=""/>
			<Cell CellID="R_63" CellID2="R_63" Encode="1" Value="0"/>
			<Cell CellID="W_63" CellID2="W_63" Encode="1" Value="0"/>
			<Cell CellID="P_64" CellID2="P_64" Encode="1" Value=""/>
			<Cell CellID="R_64" CellID2="R_64" Encode="1" Value="0"/>
			<Cell CellID="W_64" CellID2="W_64" Encode="1" Value="0"/>
			<Cell CellID="P_65" CellID2="P_65" Encode="1" Value=""/>
			<Cell CellID="R_65" CellID2="R_65" Encode="1" Value="0"/>
			<Cell CellID="W_65" CellID2="W_65" Encode="1" Value="0"/>
			<Cell CellID="P_66" CellID2="P_66" Encode="1" Value="III.05"/>
			<Cell CellID="R_66" CellID2="R_66" Encode="1" Value="0"/>
			<Cell CellID="W_66" CellID2="W_66" Encode="1" Value="0"/>
			<Cell CellID="P_67" CellID2="P_67" Encode="1" Value=""/>
			<Cell CellID="R_67" CellID2="R_67" Encode="1" Value="0"/>
			<Cell CellID="W_67" CellID2="W_67" Encode="1" Value="0"/>
			<Cell CellID="P_68" CellID2="P_68" Encode="1" Value=""/>
			<Cell CellID="R_68" CellID2="R_68" Encode="1" Value="0"/>
			<Cell CellID="W_68" CellID2="W_68" Encode="1" Value="0"/>
			<Cell CellID="P_69" CellID2="P_69" Encode="1" Value=""/>
			<Cell CellID="R_69" CellID2="R_69" Encode="1" Value="0"/>
			<Cell CellID="W_69" CellID2="W_69" Encode="1" Value="4609089"/>
			<Cell CellID="P_70" CellID2="P_70" Encode="1" Value=""/>
			<Cell CellID="R_70" CellID2="R_70" Encode="1" Value="0"/>
			<Cell CellID="W_70" CellID2="W_70" Encode="1" Value="0"/>
			<Cell CellID="P_71" CellID2="P_71" Encode="1" Value=""/>
			<Cell CellID="R_71" CellID2="R_71" Encode="1" Value="0"/>
			<Cell CellID="W_71" CellID2="W_71" Encode="1" Value="4609089"/>
			<Cell CellID="P_72" CellID2="P_72" Encode="1" Value=""/>
			<Cell CellID="R_72" CellID2="R_72" Encode="1" Value="0"/>
			<Cell CellID="W_72" CellID2="W_72" Encode="1" Value="0"/>
			<Cell CellID="P_73" CellID2="P_73" Encode="1" Value=""/>
			<Cell CellID="R_73" CellID2="R_73" Encode="1" Value="3146742845"/>
			<Cell CellID="W_73" CellID2="W_73" Encode="1" Value="2754484971"/>
			<Cell CellID="P_75" CellID2="P_75" Encode="1" Value=""/>
			<Cell CellID="R_75" CellID2="R_75" Encode="1" Value="359320211"/>
			<Cell CellID="W_75" CellID2="W_75" Encode="1" Value="50891551"/>
			<Cell CellID="P_76" CellID2="P_76" Encode="1" Value=""/>
			<Cell CellID="R_76" CellID2="R_76" Encode="1" Value="359320211"/>
			<Cell CellID="W_76" CellID2="W_76" Encode="1" Value="50891551"/>
			<Cell CellID="P_77" CellID2="P_77" Encode="1" Value=""/>
			<Cell CellID="R_77" CellID2="R_77" Encode="1" Value="0"/>
			<Cell CellID="W_77" CellID2="W_77" Encode="1" Value="0"/>
			<Cell CellID="P_78" CellID2="P_78" Encode="1" Value=""/>
			<Cell CellID="R_78" CellID2="R_78" Encode="1" Value="314553079"/>
			<Cell CellID="W_78" CellID2="W_78" Encode="1" Value="36260573"/>
			<Cell CellID="P_79" CellID2="P_79" Encode="1" Value=""/>
			<Cell CellID="R_79" CellID2="R_79" Encode="1" Value="0"/>
			<Cell CellID="W_79" CellID2="W_79" Encode="1" Value="452015"/>
			<Cell CellID="P_80" CellID2="P_80" Encode="1" Value="III.06"/>
			<Cell CellID="R_80" CellID2="R_80" Encode="1" Value="21409132"/>
			<Cell CellID="W_80" CellID2="W_80" Encode="1" Value="3856963"/>
			<Cell CellID="P_81" CellID2="P_81" Encode="1" Value=""/>
			<Cell CellID="R_81" CellID2="R_81" Encode="1" Value="23358000"/>
			<Cell CellID="W_81" CellID2="W_81" Encode="1" Value="10322000"/>
			<Cell CellID="P_82" CellID2="P_82" Encode="1" Value=""/>
			<Cell CellID="R_82" CellID2="R_82" Encode="1" Value="0"/>
			<Cell CellID="W_82" CellID2="W_82" Encode="1" Value="0"/>
			<Cell CellID="P_83" CellID2="P_83" Encode="1" Value=""/>
			<Cell CellID="R_83" CellID2="R_83" Encode="1" Value="0"/>
			<Cell CellID="W_83" CellID2="W_83" Encode="1" Value="0"/>
			<Cell CellID="P_84" CellID2="P_84" Encode="1" Value=""/>
			<Cell CellID="R_84" CellID2="R_84" Encode="1" Value="0"/>
			<Cell CellID="W_84" CellID2="W_84" Encode="1" Value="0"/>
			<Cell CellID="P_85" CellID2="P_85" Encode="1" Value=""/>
			<Cell CellID="R_85" CellID2="R_85" Encode="1" Value="0"/>
			<Cell CellID="W_85" CellID2="W_85" Encode="1" Value="0"/>
			<Cell CellID="P_86" CellID2="P_86" Encode="1" Value=""/>
			<Cell CellID="R_86" CellID2="R_86" Encode="1" Value="0"/>
			<Cell CellID="W_86" CellID2="W_86" Encode="1" Value="0"/>
			<Cell CellID="P_87" CellID2="P_87" Encode="1" Value=""/>
			<Cell CellID="R_87" CellID2="R_87" Encode="1" Value="0"/>
			<Cell CellID="W_87" CellID2="W_87" Encode="1" Value="0"/>
			<Cell CellID="P_88" CellID2="P_88" Encode="1" Value=""/>
			<Cell CellID="R_88" CellID2="R_88" Encode="1" Value="0"/>
			<Cell CellID="W_88" CellID2="W_88" Encode="1" Value="0"/>
			<Cell CellID="P_89" CellID2="P_89" Encode="1" Value=""/>
			<Cell CellID="R_89" CellID2="R_89" Encode="1" Value="0"/>
			<Cell CellID="W_89" CellID2="W_89" Encode="1" Value="0"/>
			<Cell CellID="P_90" CellID2="P_90" Encode="1" Value=""/>
			<Cell CellID="R_90" CellID2="R_90" Encode="1" Value="0"/>
			<Cell CellID="W_90" CellID2="W_90" Encode="1" Value="0"/>
			<Cell CellID="P_91" CellID2="P_91" Encode="1" Value=""/>
			<Cell CellID="R_91" CellID2="R_91" Encode="1" Value="0"/>
			<Cell CellID="W_91" CellID2="W_91" Encode="1" Value="0"/>
			<Cell CellID="P_92" CellID2="P_92" Encode="1" Value=""/>
			<Cell CellID="R_92" CellID2="R_92" Encode="1" Value="0"/>
			<Cell CellID="W_92" CellID2="W_92" Encode="1" Value="0"/>
			<Cell CellID="P_93" CellID2="P_93" Encode="1" Value=""/>
			<Cell CellID="R_93" CellID2="R_93" Encode="1" Value="0"/>
			<Cell CellID="W_93" CellID2="W_93" Encode="1" Value="0"/>
			<Cell CellID="P_94" CellID2="P_94" Encode="1" Value=""/>
			<Cell CellID="R_94" CellID2="R_94" Encode="1" Value="0"/>
			<Cell CellID="W_94" CellID2="W_94" Encode="1" Value="0"/>
			<Cell CellID="P_95" CellID2="P_95" Encode="1" Value=""/>
			<Cell CellID="R_95" CellID2="R_95" Encode="1" Value="2787422634"/>
			<Cell CellID="W_95" CellID2="W_95" Encode="1" Value="2703593420"/>
			<Cell CellID="P_96" CellID2="P_96" Encode="1" Value="III.07"/>
			<Cell CellID="R_96" CellID2="R_96" Encode="1" Value="2787422634"/>
			<Cell CellID="W_96" CellID2="W_96" Encode="1" Value="2703593420"/>
			<Cell CellID="P_97" CellID2="P_97" Encode="1" Value=""/>
			<Cell CellID="R_97" CellID2="R_97" Encode="1" Value="2500000000"/>
			<Cell CellID="W_97" CellID2="W_97" Encode="1" Value="2500000000"/>
			<Cell CellID="P_98" CellID2="P_98" Encode="1" Value=""/>
			<Cell CellID="R_98" CellID2="R_98" Encode="1" Value="0"/>
			<Cell CellID="W_98" CellID2="W_98" Encode="1" Value="0"/>
			<Cell CellID="P_99" CellID2="P_99" Encode="1" Value=""/>
			<Cell CellID="R_99" CellID2="R_99" Encode="1" Value="0"/>
			<Cell CellID="W_99" CellID2="W_99" Encode="1" Value="0"/>
			<Cell CellID="P_100" CellID2="P_100" Encode="1" Value=""/>
			<Cell CellID="R_100" CellID2="R_100" Encode="1" Value="0"/>
			<Cell CellID="W_100" CellID2="W_100" Encode="1" Value="0"/>
			<Cell CellID="P_101" CellID2="P_101" Encode="1" Value=""/>
			<Cell CellID="R_101" CellID2="R_101" Encode="1" Value="0"/>
			<Cell CellID="W_101" CellID2="W_101" Encode="1" Value="0"/>
			<Cell CellID="P_102" CellID2="P_102" Encode="1" Value=""/>
			<Cell CellID="R_102" CellID2="R_102" Encode="1" Value="0"/>
			<Cell CellID="W_102" CellID2="W_102" Encode="1" Value="0"/>
			<Cell CellID="P_103" CellID2="P_103" Encode="1" Value=""/>
			<Cell CellID="R_103" CellID2="R_103" Encode="1" Value="287422634"/>
			<Cell CellID="W_103" CellID2="W_103" Encode="1" Value="203593420"/>
			<Cell CellID="P_105" CellID2="P_105" Encode="1" Value=""/>
			<Cell CellID="R_105" CellID2="R_105" Encode="1" Value="3146742845"/>
			<Cell CellID="W_105" CellID2="W_105" Encode="1" Value="2754484971"/>
			<Cell CellID="P_107" CellID2="P_107" Encode="1" Value=""/>
			<Cell CellID="R_107" CellID2="R_107" Encode="1" Value="0"/>
			<Cell CellID="W_107" CellID2="W_107" Encode="1" Value="0"/>
			<Cell CellID="P_108" CellID2="P_108" Encode="1" Value=""/>
			<Cell CellID="R_108" CellID2="R_108" Encode="1" Value="0"/>
			<Cell CellID="W_108" CellID2="W_108" Encode="1" Value="0"/>
			<Cell CellID="P_109" CellID2="P_109" Encode="1" Value=""/>
			<Cell CellID="R_109" CellID2="R_109" Encode="1" Value="0"/>
			<Cell CellID="W_109" CellID2="W_109" Encode="1" Value="0"/>
			<Cell CellID="P_110" CellID2="P_110" Encode="1" Value=""/>
			<Cell CellID="R_110" CellID2="R_110" Encode="1" Value="0"/>
			<Cell CellID="W_110" CellID2="W_110" Encode="1" Value="0"/>
			<Cell CellID="P_111" CellID2="P_111" Encode="1" Value=""/>
			<Cell CellID="R_111" CellID2="R_111" Encode="1" Value="0"/>
			<Cell CellID="W_111" CellID2="W_111" Encode="1" Value="0"/>
			<Cell CellID="R_113" CellID2="R_113" Encode="1" Value="Võ Ngọc Thùy Lan"/>
			<Cell CellID="R_115" CellID2="R_115" Encode="1" Value="01/04/2016"/>
		</Cells>
	</Section>
</Sections>
