<!-- Edited by TAS_CMC-->
<!DOCTYPE Sections SYSTEM "..\..\InterfaceTemplates\Schema.dtd">
<Sections Version="332">
	<Section Dynamic="0" MaxRows="0">
		<Cells>
			<Cell CellID="H_14" CellID2="J_37" Encode="1" Receive="1" Value="" StatusID="0001"/>
		</Cells>
	</Section>
	<Section Dynamic="0" MaxRows="0">
		<Cells>
			<Cell CellID="P_20" CellID2="B_19" Encode="1" Receive="1" Value="" StatusID="0001"/>
		</Cells>
	</Section>
	<Section Dynamic="0" MaxRows="0">
		<Cells>
			<Cell CellID="Y_44" CellID2="Y_44" Encode="0" Receive="1" Value="1000000" StatusID="0001"/>
			<Cell CellID="C_45" CellID2="C_45" Encode="1" Receive="1" Value="CÔNG TY TNHH BAO BÌ GIẤY KIM DUNG PHÁT" StatusID="0001"/>
			<Cell CellID="P_45" CellID2="Q_45" Encode="1" Receive="1" Value="1800000000" StatusID="0001"/>
			<Cell CellID="U_45" CellID2="U_45" Encode="1" Receive="1" Value="4" StatusID="0001"/>
			<Cell CellID="Y_45" CellID2="Y_45" Encode="1" Receive="1" Value="1000000" StatusID="0001"/>
		</Cells>
	</Section>
	<Section Dynamic="1" MaxRows="0">
		<Cells>
			<Cell CellID="C_49" CellID2="C_49" FirstCell="0" Encode="1" Receive="1" Value="" StatusID="0001"/>
			<Cell CellID="P_49" CellID2="Q_49" Encode="1" Receive="1" Value="0" StatusID="0001"/>
			<Cell CellID="U_49" CellID2="U_49" Encode="1" Receive="1" Value="0" StatusID="0001"/>
			<Cell CellID="Y_49" CellID2="Y_49" Encode="1" Receive="1" Value="0" StatusID="0001"/>
		</Cells>
	</Section>
	<Section Dynamic="0" MaxRows="0">
		<Cells>
			<Cell CellID="Y_51" CellID2="Y_51" Encode="1" Receive="1" Value="1000000" StatusID="0001"/>
		</Cells>
	</Section>
	<Section Dynamic="0" MaxRows="0">
		<Cells>
			<Cell CellID="H_60" CellID2="D_62" Encode="1" Receive="1" Value="" StatusID="0001"/>
			<Cell CellID="R_60" CellID2="O_67" Encode="1" Receive="1" Value="Lê Thị Dung" StatusID="0001"/>
			<Cell CellID="H_62" CellID2="G_63" Encode="1" Receive="1" Value="" StatusID="0001"/>
			<Cell CellID="R_62" CellID2="R_58" Encode="1" Receive="1" Value="20/05/2016" StatusID="0001"/>
			<Cell CellID="C_35" CellID2="C_37" Encode="1" Receive="1" Value="1" StatusID="0001"/>
			<Cell CellID="F_35" CellID2="F_37" Encode="1" Receive="1" Value="" StatusID="0001"/>
			<Cell CellID="I_35" CellID2="I_37" Encode="1" Receive="1" Value="" StatusID="0001"/>
		</Cells>
	</Section>
</Sections>
